,0
בְּשֵׁם,בשם
ה',ה'
אֵל,אל
עוֹלָם,עולם
בראשית,בראשית
כא,כא
לג,לג
אָז,אז
לֹא,לא
אֵבוֹשׁ,אבוש
בְּהַבִּיטִי,בהביטי
אֶל,אל
כָּל,כל
מִצְוֺתֶיךָ,מצוותיך
תהילים,תהילים
קיט,קיט
מִשְׁנֵה,משנה
תּוֹרָה,תורה
"לְהָרַמְבָּ""ם","להרמב""ם"
הֲלָכָה,הלכה
לְמַעֲשֶׂה,למעשה
לַכֹּל,לכול
בִּזְמַנֵּנוּ,בזמננו
מַהֲדוּרַת,מהדורת
מְכוֹן,מכון
מַמְרֵא,ממרא
לְפִי,לפי
הַנֹּסַח,הנוסח
כִּתְבֵי,כתבי
הַיָּד,היד
הַתֵּימָנִיִּים,התימניים
הַזְּכֻיּוֹת,הזכויות
שְׁמוּרוֹת,שמורות
לִמְכוֹן,למכון
רְחוֹב,רחוב
חַיִּים,חיים
וִיטָל,ויטל
יְרוּשָׁלַיִם,ירושלים
הַקְדָּמָה,הקדמה
א,א
הַמִּצְווֹת,המצוות
שֶׁנִּתְּנוּ,שניתנו
לוֹ,לו
לְמֹשֶׁה,למשה
בְּסִינַי,בסיניי
בְּפֵרוּשָׁן,בפירושן
נִתְּנוּ,ניתנו
שֶׁנֶּאֱמָר,שנאמר
"""וְאֶתְּנָה","""ואתנה"
לְךָ,לך
אֶת,את
לֻחֹת,לוחות
הָאֶבֶן,האבן
וְהַתּוֹרָה,והתורה
"וְהַמִּצְוָה""","והמצוה"""
שמות,שמות
כד,כד
יב,יב
"""תּוֹרָה""","""תורה"""
זוֹ,זו
שֶׁבִּכְתָב,שבכתב
"וּ""מִצְוָה""","ו""מצוה"""
זֶה,זה
פֵּרוּשָׁהּ,פירושה
וְצִוָּנוּ,וציוונו
לַעֲשׂוֹת,לעשות
הַתּוֹרָה,התורה
עַל,על
פִּי,פי
הַמִּצְוָה,המצוה
וּמִצְוָה,ומצוה
הִיא,היא
הַנִּקְרֵאת,הנקראת
שֶׁבְּעַל,שבעל
פֶּה,פה
ב,ב
כְּתָבָהּ,כתבה
מֹשֶׁה,משה
רַבֵּנוּ,רבנו
קֹדֶם,קודם
שֶׁיָּמוּת,שימות
בִּכְתָב,בכתב
יָדוֹ,ידו
וְנָתַן,ונתן
סֵפֶר,ספר
לְכָל,לכל
שֵׁבֶט,שבט
וְשֵׁבֶט,ושבט
וְסֵפֶר,וספר
אֶחָד,אחד
נְתָנָהוּ,נתנהו
בָּאָרוֹן,בארון
לְעֵד,לעד
"""לָקֹחַ","""לקוח"
אֵת,את
הַזֶּה,הזה
וְשַׂמְתֶּם,ושמתם
אֹתוֹ,אותו
מִצַּד,מצד
אֲרוֹן,ארון
בְּרִית,ברית
אֱלֹהֵיכֶם,אלוהיכם
וְהָיָה,והיה
שָׁם,שם
בְּךָ,בך
"לְעֵד""","לעד"""
דברים,דברים
לא,לא
כו,כו
ג,ג
וְהַמִּצְוָה,והמצוה
שְׁהִיא,שהיא
פֵּרוּשׁ,פירוש
כְתָבָהּ,כתבה
אֵלָא,אלא
צִוָּה,ציווה
בָּהּ,בה
לַזְּקֵנִים,לזקנים
וְלִיהוֹשׁוּעַ,וליהושוע
וְלִשְׁאָר,ולשאר
יִשְׂרָאֵל,ישראל
"""אֵת","""את"
הַדָּבָר,הדבר
אֲשֶׁר,אשר
אָנֹכִי,אנוכי
מְצַוֶּה,מצווה
אֶתְכֶם,אתכם
תִשְׁמְרוּ,תשמרו
"""",""""
יג,יג
וּמִפְּנֵי,ומפני
נִקְרֵאת,נקראת
ד,ד
אַף,אף
שֶׁלֹּא,שלא
נִכְתְּבָה,נכתבה
לִמְּדָהּ,לימדה
כֻּלָּהּ,כולה
בְּבֵית,בבית
דִּינוֹ,דינו
לְשִׁבְעִים,לשבעים
זְקֵנִים,זקנים
וְאֶלְעָזָר,ואלעזר
וּפִינְחָס,ופינחס
וִיהוֹשׁוּעַ,ויהושוע
שְׁלָשְׁתָּן,שלושתן
קִבְּלוּ,קיבלו
מִמֹּשֶׁה,ממשה
שְׁהוּא,שהוא
תַּלְמִידוֹ,תלמידו
מָסַר,מסר
וְצִוָּהוּ,וציווהו
עָלֶיהָ,עליה
וְכֵן,וכן
יְהוֹשׁוּעַ,יהושוע
יְמֵי,ימי
חַיָּיו,חייו
לִמַּד,למד
ה,ה
וּזְקֵנִים,וזקנים
רַבִּים,רבים
מִיְּהוֹשׁוּעַ,מיהושוע
וְקִבַּל,וקיבל
עֵלִי,עלי
מִן,מן
הַזְּקֵנִים,הזקנים
וּמִפִּינְחָס,ומפינחס
וּשְׁמוּאֵל,ושמואל
קִבַּל,קיבל
מֵעֵלִי,מעלי
וּבֵית,ובית
וְדָוִיד,ודויד
מִשְּׁמוּאֵל,משמואל
וַאֲחִיָּה,ואחייה
הַשִּׁילוֹנִי,השילוני
מִיּוֹצְאֵי,מיוצאי
מִצְרַיִם,מצריים
הָיָה,היה
וְלֵוִי,ולוי
וְשָׁמַע,ושמע
קָטָן,קטן
בִּימֵי,בימי
וְהוּא,והוא
מִדָּוִיד,מדויד
אֵלִיָּהוּ,אלייהו
מֵאֲחִיָּה,מאחייה
וֶאֱלִישָׁע,ואלישע
מֵאֵלִיָּהוּ,מאלייהו
וִיהוֹיָדָע,ויהוידע
הַכּוֹהֵן,הכוהן
מֵאֱלִישָׁע,מאלישע
וּזְכַרְיָהוּ,וזכריהו
מִיְּהוֹיָדָע,מיהוידע
וְהוֹשֵׁעַ,והושע
מִזְּכַרְיָה,מזכריה
וְעָמוֹס,ועמוס
מֵהוֹשֵׁעַ,מהושע
וִישַׁעְיָהוּ,וישעיהו
מֵעָמוֹס,מעמוס
וּמִיכָה,ומיכה
מִיְּשַׁעְיָה,מישעיה
וְיוֹאֵל,ויואל
מִמִּיכָה,ממיכה
וְנַחוּם,ונחום
מִיּוֹאֵל,מיואל
וַחֲבַקּוּק,וחבקוק
מִנַּחוּם,מנחום
וּצְפַנְיָה,וצפניה
מֵחֲבַקּוּק,מחבקוק
וְיִרְמְיָה,וירמיה
מִצְּפַנְיָה,מצפניה
וּבָרוּךְ,וברוך
בֶּן,בן
נֵרִיָּה,נרייה
מִיִּרְמְיָה,מירמיה
וְעֶזְרָא,ועזרא
מִבָּרוּךְ,מברוך
ז,ז
בֵּית,בית
הֶם,הם
הַנִּקְרָאִין,הנקראין
אַנְשֵׁי,אנשי
כְּנֶסֶת,כנסת
הַגְּדוֹלָה,הגדולה
וְהֶם,והם
חַגַּי,חגיי
זְכַרְיָה,זכריה
וּמַלְאָכִי,ומלאכי
וְדָנִיֵּאל,ודנייאל
חֲנַנְיָה,חנניה
מִישָׁאֵל,מישאל
וַעֲזַרְיָה,ועזריה
וּנְחֶמְיָה,ונחמיה
חֲכַלְיָה,חכליה
וּמָרְדֳּכַי,ומורדכיי
וּזְרֻבָּבֶל,וזרובבל
וְהַרְבֵּה,והרבה
חֲכָמִים,חכמים
עִמָּהֶם,עימהם
תַּשְׁלוּם,תשלום
מֵאָה,מאה
וְעֶשְׂרִים,ועשרים
הָאַחֲרוֹן,האחרון
מֵהֶם,מהם
הוּא,הוא
שִׁמְעוֹן,שמעון
הַצַּדִּיק,הצדיק
מִכְּלַל,מכלל
הַמֵּאָה,המאה
מִכֻּלָּן,מכולן
כּוֹהֵן,כוהן
גָּדוֹל,גדול
אַחַר,אחר
עֶזְרָא,עזרא
ח,ח
אַנְטִיגְנוֹס,אנטיגנוס
אִישׁ,איש
שׂוֹכוֹ,שוכו
מִשִּׁמְעוֹן,משמעון
וְיוֹסֵף,ויוסף
יוֹעֶזֶר,יועזר
צְרֵדָה,צרידה
יוֹחָנָן,יוחנן
דִּינָם,דינם
מֵאַנְטִיגְנוֹס,מאנטיגנוס
פְּרַחְיָה,פרחיה
וְנִתַּאי,וניתאי
הָאַרְבֵּלִי,הארבלי
מִיּוֹסֵף,מיוסף
וִיהוּדָה,ויהודה
טָבַאי,טבאי
וְשִׁמְעוֹן,ושמעון
שָׁטָח,שטח
שְׁמַעְיָה,שמעיה
וְאַבְטַלְיוֹן,ואבטליון
גֵּרֵי,גרי
הַצֶּדֶק,הצדק
מִיְּהוּדָה,מיהודה
וְהִלֵּל,והילל
וְשַׁמַּאי,ושמאי
מִשְּׁמַעְיָה,משמעיה
וְרַבַּן,ורבן
זַכַּאי,זכאי
בְּנוֹ,בנו
מֵהִלֵּל,מהילל
ט,ט
חֲמִשָּׁה,חמישה
תַּלְמִידִים,תלמידים
הָיוּ,היו
לְרַבַּן,לרבן
גְּדוֹלֵי,גדולי
הַחֲכָמִים,החכמים
שֶׁקִּבְּלוּ,שקיבלו
מִמֶּנּוּ,ממנו
וְאֵלּוּ,ואלו
רִבִּי,רבי
אֱלִיעֶזֶר,אליעזר
הַגָּדוֹל,הגדול
וְרִבִּי,ורבי
יוֹסֵי,יוסי
נְתַנְאֵל,נתנאל
אֶלְעָזָר,אלעזר
עֲרָךְ,ערך
עֲקִיבָה,עקיבה
יוֹסֵף,יוסף
מֵרִבִּי,מרבי
אָבִיו,אביו
גֵּר,גר
צֶדֶק,צדק
יִשְׁמָעֵאל,ישמעאל
מֵאִיר,מאיר
וְגַם,וגם
וַחֲבֵרָיו,וחבריו
חֲבֵרָיו,חבריו
יְהוּדָה,יהודה
נְחֶמְיָה,נחמיה
שַׁמּוּעַ,שמוע
הַסַּנְדְּלָר,הסנדלר
עַזַּאי,עזאי
תְּרַדְיוֹן,תרדיון
טַרְפוֹן,טרפון
רִבּוֹ,רבו
הַגָּלִילִי,הגלילי
נוּרִי,נורי
יא,יא
רַבַּן,רבן
גַּמְלִיאֵל,גמליאל
הַזָּקֵן,הזקן
מֵרַבַּן,מרבן
הַנִּקְרָא,הנקרא
הַקָּדוֹשׁ,הקדוש
מֵאָבִיו,מאביו
וּמֵרִבִּי,ומרבי
חֲבֵרוֹ,חברו
חִבַּר,חיבר
הַמִּשְׁנָה,המשנה
וּמִיְּמוֹת,ומימות
וְעַד,ועד
חִבְּרוּ,חיברו
חִבּוּר,חיבור
שֶׁמְּלַמְּדִין,שמלמדין
אוֹתוֹ,אותו
בָּרַבִּים,ברבים
בְּתוֹרָה,בתורה
בְּכָל,בכל
דּוֹר,דור
וָדוֹר,ודור
רֹאשׁ,ראש
דִּין,דין
אוֹ,או
נָבִיא,נביא
שֶׁיִּהְיֶה,שיהיה
בְּאוֹתוֹ,באותו
הַדּוֹר,הדור
כּוֹתֵב,כותב
לְעַצְמוֹ,לעצמו
זִכָּרוֹן,זיכרון
בַּשְּׁמוּעוֹת,בשמועות
שֶׁשָּׁמַע,ששמע
מֵרִבּוֹתָיו,מרבותיו
מְלַמֵּד,מלמד
וְאֶחָד,ואחד
כְּפִי,כפי
כּוֹחוֹ,כוחו
מִבֵּאוּר,מביאור
וּמֵהִלְכּוֹתֶיהָ,ומהלכותיה
כְּמוֹ,כמו
וּמִדְּבָרִים,ומדברים
שֶׁנִּתְחַדְּשׁוּ,שנתחדשו
בְּדִינִים,בדינים
לְמָדוּם,למדום
מִפִּי,מפי
הַשְּׁמוּעָה,השמועה
בְּמִדָּה,במידה
מִשְּׁלוֹשׁ,משלוש
עֶשְׂרֵה,עשרה
מִדּוֹת,מידות
וְהִסְכִּימוּ,והסכימו
עֲלֵיהֶן,עליהן
תָּמִיד,תמיד
עַד,עד
יד,יד
קִבַּץ,קיבץ
הַשְּׁמוּעוֹת,השמועות
וְכָל,וכל
הַדִּינִין,הדינין
הַבֵּאוּרִין,הביאורין
וְהַפֵּרוּשִׁין,והפירושין
שֶׁשָּׁמְעוּ,ששמעו
וְשֶׁלִּמְּדוּ,ושלמדו
וְחִבַּר,וחיבר
מֵהַכֹּל,מהכול
וְשִׁנְּנוֹ,ושיננו
וְנִגְלָה,ונגלה
וּכְתָבוּהוּ,וכתבוהו
כֻּלָּם,כולם
וְרִבְּצוֹ,וריבצו
מָקוֹם,מקום
כְּדֵי,כדי
תִשְׁתַּכַּח,תשתכח
מִיִּשְׂרָאֵל,מישראל
טו,טו
וְלָמָּה,ולמה
עָשָׂה,עשה
כָּךְ,כך
וְלֹא,ולא
הִנִּיחַ,הניח
כְּמוֹת,כמות
שֶׁהָיָה,שהיה
שֶׁרָאָה,שראה
שֶׁהַתַּלְמִידִים,שהתלמידים
מִתְמַעֲטִים,מתמעטים
וְהוֹלְכִים,והולכים
וְהַצָּרוֹת,והצרות
מִתְחַדְּשׁוֹת,מתחדשות
וּבָאוֹת,ובאות
וּמַמְלֶכֶת,וממלכת
הָרִשְׁעָה,הרשעה
פּוֹשֶׁטֶת,פושטת
בָּעוֹלָם,בעולם
וּמִתְגַּבֶּרֶת,ומתגברת
וְיִשְׂרָאֵל,וישראל
מִתְגַּלְגְּלִים,מתגלגלים
לַקְּצָווֹת,לקצוות
לִהְיוֹת,להיות
בְּיַד,ביד
שֶׁיִּלְמְדוּהוּ,שילמדוהו
בִּמְהֵרָה,במהרה
יִשָּׁכַח,יישכח
וְיָשַׁב,וישב
יָמָיו,ימיו
וְלִמַּד,ולימד
טז,טז
שֶׁהָיוּ,שהיו
וְקִבְּלוּ,וקיבלו
וְגַמְלִיאֵל,וגמליאל
בָּנָיו,בניו
אָפֵס,אפס
חָמָא,חמא
חִיָּא,חייא
וְרָב,ורב
יַנַּאי,ינאי
וּבַר,ובר
קַפָּרָא,קפרא
הוֹשַׁעְיָה,הושעיה
אֵלּוּ,אלו
הַגְּדוֹלִים,הגדולים
וְעִמָּהֶם,ועימהם
אֲלָפִים,אלפים
וּרְבָבוֹת,ורבבות
מִשְּׁאָר,משאר
יז,יז
שֶׁאֵלּוּ,שאלו
הָאַחַד,האחד
עָשָׂר,עשר
מֵרַבֵּנוּ,מרבנו
וְעָמְדוּ,ועמדו
בְּמִדְרָשׁוֹ,במדרשו
וְאַחַר,ואחר
תַּלְמִיד,תלמיד
לְרִבִּי,לרבי
רָב,רב
יח,יח
סִפְרָא,ספרא
וְסִפְרֵי,וספרי
לְבָאַר,לבאר
וּלְהוֹדִיעַ,ולהודיע
עִיקְרֵי,עיקרי
הַתּוֹסֶפְתָּא,התוספתא
עִנְיְנֵי,ענייני
בַּרַּיְתּוֹת,ברייתות
דִּבְרֵי,דברי
הַתַּלְמוּד,התלמוד
הַיְּרוּשְׁלְמִי,הירושלמי
בְּאֶרֶץ,בארץ
חָרְבַּן,חורבן
הַבַּיִת,הבית
בְּקָרוֹב,בקרוב
מֵאוֹת,מאות
שָׁנָה,שנה
יט,יט
וּמִגְּדוֹלֵי,ומגדולי
מֵרָב,מרב
הוּנָא,הונא
נַחְמָן,נחמן
כַּהֲנָא,כהנא
רַבָּה,רבה
בַּר,בר
חָנָה,חנה
אַמֵי,אמי
אַסֵי,אסי
דִּימֵי,דימי
וְרַאבּוּן,וראבון
כ,כ
וּמִכְּלַל,ומכלל
וּמֵרָב,ומרב
מֵרַבָּה,מרבה
אַבַּיֵי,אביי
וְרַבָּא,ורבא
וּשְׁנֵיהֶם,ושניהם
גַּם,גם
מֵרַבָּא,מרבא
אַשֵׁי,אשי
וְרַבִּינָא,ורבינא
וּמָר,ומר
וּמֵרַבִּינָא,ומרבינא
נִמְצָא,נמצא
אַרְבָּעִים,ארבעים
הֶן,הן
מֵעֶזְרָא,מעזרא
כב,כב
כג,כג
כה,כה
כז,כז
כח,כח
כט,כט
ל,ל
לב,לב
לד,לד
לה,לה
לו,לו
לז,לז
לח,לח
מִפִּינְחָס,מפינחס
לט,לט
מ,מ
רִבָּן,רבן
הַנְּבִיאִים,הנביאים
מֵעִם,מעם
אֱלֹהֵי,אלוהי
הַנִּזְכָּרִים,הנזכרים
הַדּוֹרוֹת,הדורות
רָאשֵׁי,ראשי
יְשִׁיבוֹת,ישיבות
וּמֵהֶם,ומהם
גָּלִיּוֹת,גלייות
מִסַּנְהֶדְּרֵי,מסנהדרי
גְּדוֹלָה,גדולה
רַבִּינָא,רבינא
סוֹף,סוף
חַכְמֵי,חכמי
שֶׁחִבַּר,שחיבר
הַבַּבְלִי,הבבלי
שִׁנְעָר,שנער
בִּכְמוֹ,בכמו
וְעִנְיַן,ועניין
שְׁנֵי,שני
הַתַּלְמוּדִין,התלמודין
וּבֵאוּר,וביאור
עֲמוּקוֹתֶיהָ,עמוקותיה
וּדְבָרִים,ודברים
מִיְּמוֹת,מימות
וּמִשְּׁנֵי,ומשני
וּמִן,ומן
וּמִסִּפְרָא,ומספרא
וּמִסִּפְרֵי,ומספרי
הַתּוֹסֶפְתּוֹת,התוספתות
מִכֻּלָּם,מכולם
יִתְבָּאַר,יתבאר
הָאָסוּר,האסור
וְהַמֻּתָּר,והמותר
וְהַטָּמֵא,והטמא
וְהַטָּהוֹר,והטהור
וְהַחַיָּב,והחייב
וְהַפָּטוּר,והפטור
וְהַכָּשֵׁר,והכשר
וְהַפָּסוּל,והפסול
שֶׁהִעְתִּיקוּ,שהעתיקו
מִסִּינַי,מסיניי
דְּבָרִים,דברים
שֶׁגָּזְרוּ,שגזרו
וּנְבִיאִים,ונביאים
שֶׁבְּכָל,שבכל
סְיָג,סייג
לַתּוֹרָה,לתורה
בְּפֵרוּשׁ,בפירוש
"""וּשְׁמַרְתֶּם","""ושמרתם"
"מִשְׁמַרְתִּי""","משמרתי"""
ויקרא,ויקרא
שֶׁאָמַר,שאמר
עֲשׂוּ,עשו
מִשְׁמֶרֶת,משמרת
לְמִשְׁמַרְתִּי,למשמרתי
הַמִּנְהָגוֹת,המנהגות
וְהַתַּקָּנוֹת,והתקנות
שֶׁהִתְקִינוּ,שהתקינו
שֶׁנָּהֲגוּ,שנהגו
שֶׁרָאוּ,שראו
שֶׁאָסוּר,שאסור
לָסוּר,לסור
"""לֹא","""לא"
תָסוּר,תסור
מִכָּל,מכל
יַגִּידוּ,יגידו
יָמִין,ימין
"וּשְׂמֹאל""","ושמאל"""
ראה,ראה
מִשְׁפָּטִים,משפטים
וְדִינִין,ודינין
פִּלְאִיִּים,פלאיים
אוֹתָן,אותן
וְדָנוּ,ודנו
בָּהֶן,בהן
בַּמִּדּוֹת,במידות
שֶׁהַתּוֹרָה,שהתורה
נִדְרֶשֶׁת,נדרשת
וּפָסְקוּ,ופסקו
וְגָמְרוּ,וגמרו
שֶׁהַדִּין,שהדין
הַכֹּל,הכול
בַּתַּלְמוּד,בתלמוד
וְחִבְּרוּ,וחיברו
מִשְׁנָה,משנה
חִבּוּרִין,חיבורין
אֲחֵרִים,אחרים
לְפָרַשׁ,לפרש
בֵּאוּר,ביאור
בְּרֵאשִׁית,בראשית
פֵּרַשׁ,פירש
מֵאֵלֶּה,מאלה
שְׁמוֹת,שמות
מְכִלְּתָא,מכילתא
וַחֲכָמִים,וחכמים
אַחֲרֵיהֶם,אחריהם
מִדְרָשׁוֹת,מדרשות
וְהַכֹּל,והכול
חֻבַּר,חובר
וְחַבְרֵיהֶם,וחבריהם
הַמַּעְתִּיקִים,המעתיקים
וְשֶׁגָּזְרוּ,ושגזרו
גְּזֵרוֹת,גזירות
וְהִתְקִינוּ,והתקינו
תַּקָּנוֹת,תקנות
וְהִנְהִיגוּ,והנהיגו
מִנְהָגוֹת,מנהגות
וּפָשְׁטוּ,ופשטו
גְּזֵרוֹתָם,גזירותם
וְתַקָּנוֹתָם,ותקנותם
וּמִנְהֲגוֹתָם,ומנהגותם
מְקוֹמוֹת,מקומות
מוֹשְׁבוֹתֵיהֶם,מושבותיהם
וּגְמָרוֹ,וגמרו
נִתְפַּזְּרוּ,נתפזרו
הָאֲרָצוֹת,הארצות
פִּזּוּר,פיזור
יָתֵר,יתר
וְהִגִּיעוּ,והגיעו
וְלָאִיִּים,ולאיים
הָרְחוֹקִים,הרחוקים
וְרָבְתָה,ורבתה
קְטָטָה,קטטה
וְנִשְׁתַּבְּשׁוּ,ונשתבשו
הַדְּרָכִים,הדרכים
בִּגְיָסוֹת,בגייסות
וְנִתְמַעַט,ונתמעט
תַּלְמוּד,תלמוד
נִתְכַּנְּסוּ,נתכנסו
לִלְמֹד,ללמוד
בִּישִׁיבוֹתֵיהֶם,בישיבותיהם
מִקֹּדֶם,מקודם
מִתְקַבְּצִים,מתקבצים
יְחִידִים,יחידים
הַשְּׂרִידִים,השרידים
קוֹרֶא,קורא
עִיר,עיר
וְעִיר,ועיר
וּבְכָל,ובכל
מְדִינָה,מדינה
וּמְדִינָה,ומדינה
וְעוֹסְקִים,ועוסקים
בַּתּוֹרָה,בתורה
וּמְבִינִים,ומבינים
בְּחִבּוּרֵי,בחיבורי
וְיוֹדְעִים,ויודעים
דֶּרֶךְ,דרך
הַמִּשְׁפָּט,המשפט
הֵיאַךְ,היאך
שֶׁעָמַד,שעמד
וְגָזַר,וגזר
הִתְקִין,התקין
הִנְהִיג,הנהיג
לִבְנֵי,לבני
מְדִינָתוֹ,מדינתו
מְדִינוֹת,מדינות
פָשְׁטוּ,פשטו
מַעֲשָׂיו,מעשיו
מִפְּנֵי,מפני
רֹחַק,רוחק
וְשִׁבּוּשׁ,ושיבוש
וֶהֱיוֹת,והיות
הַמְּדִינָה,המדינה
בָּטַל,בטל
מִכַּמָּה,מכמה
שָׁנִים,שנים
לְפִיכָּךְ,לפיכך
אֵין,אין
כּוֹפִין,כופין
לִנְהֹג,לנהוג
בְּמִנְהַג,במנהג
אַחֶרֶת,אחרת
וְאֵין,ואין
אוֹמְרִין,אומרין
לְבֵית,לבית
לִגְזֹר,לגזור
גְּזֵרָה,גזירה
שֶׁגְּזָרָהּ,שגזרה
אַחֵר,אחר
בִּמְדִינָתוֹ,במדינתו
אִם,אם
הַגְּאוֹנִים,הגאונים
שֶׁדֶּרֶךְ,שדרך
וְנִתְבָּאַר,ונתבאר
אַחֲרָיו,אחריו
שְׁאֵין,שאין
הַכָּתוּב,הכתוב
שׁוֹמְעִין,שומעין
לָרִאשׁוֹן,לראשון
לְמִי,למי
שֶׁהַדַּעַת,שהדעת
נוֹטָה,נוטה
לִדְבָרָיו,לדבריו
בֵּין,בין
רִאשׁוֹן,ראשון
אַחֲרוֹן,אחרון
הַלָּלוּ,הללו
וּגְזֵרוֹת,וגזירות
וְתַקָּנוֹת,ותקנות
וּמִנְהָגוֹת,ומנהגות
אֲבָל,אבל
הַדְּבָרִים,הדברים
שֶׁבַּתַּלְמוּד,שבתלמוד
חַיָּבִין,חייבין
לָלֶכֶת,ללכת
בָּהֶם,בהם
וְכוֹפִין,וכופין
וְלִגְזֹר,ולגזור
וְלָלֶכֶת,וללכת
בְּתַקָּנוֹתָם,בתקנותם
הוֹאִיל,הואיל
הִסְכִּימוּ,הסכימו
עֲלֵיהֶם,עליהם
וְאוֹתָן,ואותן
שֶׁהִנְהִיגוּ,שהנהיגו
שֶׁדָּנוּ,שדנו
וְלִמְּדוּ,ולמדו
שֶׁהַמִּשְׁפָּט,שהמשפט
רֻבָּן,רובן
הַקַּבָּלָה,הקבלה
בְּעִיקְרֵי,בעיקרי
שֶׁעָמְדוּ,שעמדו
וּבָנוּ,ובנו
בּוֹ,בו
וְיָצָא,ויצא
לָהֶם,להם
שֵׁם,שם
בְּחָכְמָתָם,בחכמתם
הַנִּקְרָאִים,הנקראים
גְּאוֹנִים,גאונים
וּבְאֶרֶץ,ובארץ
וּבִסְפָרַד,ובספרד
וּבְצָרְפַת,ובצרפת
לִמְּדוּ,לימדו
וְהוֹצִיאוּ,והוציאו
לָאוֹר,לאור
תַּעֲלוּמוֹתָיו,תעלומותיו
וּבֵאֲרוּ,וביארו
עִנְיָנָיו,ענייניו
עֲמוּקָה,עמוקה
דַּרְכּוֹ,דרכו
לִמְאוֹד,למאוד
וְעוֹד,ועוד
בִּלְשׁוֹן,בלשון
אֲרַמִּי,ארמי
מְעֹרָב,מעורב
עִם,עם
לְשׁוֹנוֹת,לשונות
אֲחֵרוֹת,אחרות
שֶׁאוֹתָהּ,שאותה
הַלָּשׁוֹן,הלשון
הָיְתָה,הייתה
בְּרוּרָה,ברורה
בְּשִׁנְעָר,בשנער
בָּעֵת,בעת
שֶׁחֻבַּר,שחובר
בִּשְׁאָר,בשאר
הַמְּקוֹמוֹת,המקומות
אָדָם,אדם
מַכִּיר,מכיר
אוֹתָהּ,אותה
לָשׁוֹן,לשון
שֶׁמְּלַמְּדִים,שמלמדים
וּשְׁאֵלוֹת,ושאלות
רַבּוֹת,רבות
שׁוֹאֲלִין,שואלין
גָּאוֹן,גאון
בִּימֵיהֶם,בימיהם
קָשִׁים,קשים
מְשִׁיבִים,משיבים
חָכְמָתָם,חכמתם
הַשּׁוֹאֲלִין,השואלין
מְקַבְּצִין,מקבצין
הַתְּשׁוּבוֹת,התשובות
וְעוֹשִׂין,ועושין
מֵהֶן,מהן
סְפָרִים,ספרים
לְהָבִין,להבין
מִי,מי
שֶׁפֵּרַשׁ,שפירש
הֲלָכוֹת,הלכות
יְחִידוֹת,יחידות
פְּרָקִים,פרקים
שֶׁנִּתְקַשּׁוּ,שנתקשו
בְּיָמָיו,בימיו
מַסֶּכְתּוֹת,מסכתות
וּסְדָרִים,וסדרים
פְּסוּקוֹת,פסוקות
בְּעִנְיַן,בעניין
בִּדְבָרִים,בדברים
שֶׁהַשָּׁעָה,שהשעה
צְרִיכָה,צריכה
שֶׁיִּהְיוּ,שיהיו
קְרוֹבִין,קרובין
לְמַדַּע,למדע
שְׁאֵינוּ,שאינו
יָכוֹל,יכול
לֵירַד,לירד
לְעָמְקוֹ,לעומקו
וְזוֹ,וזו
מְלֶאכֶת,מלאכת
שֶׁעָשׂוּ,שעשו
גְּאוֹנֵי,גאוני
מִיּוֹם,מיום
זְמָן,זמן
שְׁמִינִית,שמינית
וְאֶלֶף,ואלף
לְחָרְבָּן,לחורבן
וּבַזְּמָן,ובזמן
תָּכְפוּ,תכפו
צָרוֹת,צרות
יְתֵרוֹת,יתרות
וְדָחֲקָה,ודחקה
שָׁעָה,שעה
וְאָבְדָה,ואבדה
חָכְמַת,חכמת
חֲכָמֵינוּ,חכמינו
וּבִינַת,ובינת
נְבוֹנֵינוּ,נבונינו
נִסְתַּתְּרָה,נסתתרה
הַפֵּרוּשִׁין,הפירושין
וְהַתְּשׁוּבוֹת,והתשובות
וְהַהֲלָכוֹת,וההלכות
שֶׁחִבְּרוּ,שחיברו
וְרָאוּ,וראו
שְׁהֶם,שהם
מְבֹאָרִים,מבוארים
נִתְקַשּׁוּ,נתקשו
בְּיָמֵינוּ,בימינו
מֵבִין,מבין
עִנְיְנֵיהֶם,ענייניהם
כָּרָאוּי,כראוי
מְעַט,מעט
בְּמִסְפָּר,במספר
צָרִיךְ,צריך
לוֹמַר,לומר
עַצְמוֹ,עצמו
וְהַיְּרוּשְׁלְמִי,והירושלמי
וְסִפְרָא,וספרא
וְהַתּוֹסֶפְתּוֹת,והתוספתות
שְׁהֶן,שהן
צְרִיכִין,צריכין
דַּעַת,דעת
רְחָבָה,רחבה
וְנֶפֶשׁ,ונפש
חֲכָמָה,חכמה
וּזְמָן,וזמן
אָרוּךְ,ארוך
יִוָּדַע,ייוודע
הַדֶּרֶךְ,הדרך
הַנְּכוֹחָה,הנכוחה
בַּדְּבָרִים,בדברים
הָאֲסוּרִין,האסורין
וְהַמֻּתָּרִין,והמותרין
וּשְׁאָר,ושאר
דִּינֵי,דיני
מא,מא
נָעַרְתִּי,נערתי
חָצְנִי,חוצני
אֲנִי,אני
בֵּירִבִּי,בירבי
מַיְמוֹן,מיימון
הַסְּפָרַדִּי,הספרדי
וְנִשְׁעַנְתִּי,ונשענתי
הַצּוּר,הצור
בָּרוּךְ,ברוך
וּבִינוֹתִי,ובינותי
הַסְּפָרִים,הספרים
וְרָאִיתִי,וראיתי
לְחַבַּר,לחבר
הַמִּתְבָּרְרִים,המתבררים
הַחִבּוּרִין,החיבורין
שְׁאָר,שאר
כֻּלָּן,כולן
בְּלָשׁוֹן,בלשון
וְדֶרֶךְ,ודרך
קְצָרָה,קצרה
שֶׁתְּהֶא,שתהא
סְדוּרָה,סדורה
בְּפִי,בפי
בְּלֹא,בלא
קֻשְׁיָה,קושיה
פֵּרוּק,פירוק
אוֹמֵר,אומר
בְּכֹה,בכה
וְזֶה,וזה
בְּרוּרִים,ברורים
קְרוֹבִים,קרובים
נְכוֹנִים,נכונים
הַנִּמְצָאִים,הנמצאים
עַכְשָׁו,עכשיו
מב,מב
גְּלוּיִין,גלויין
לַקָּטָן,לקטן
וְלַגָּדוֹל,ולגדול
בְּדִין,בדין
מִצְוָה,מצוה
וּבְדִין,ובדין
שֶׁתִּקְּנוּ,שתיקנו
כְּלָלוֹ,כללו
יְהֶא,יהא
לְחִבּוּר,לחיבור
מִדִּינֵי,מדיני
יִהְיֶה,יהיה
מְקַבֵּץ,מקבץ
לְתוֹרָה,לתורה
הַתַּקָּנוֹת,התקנות
וְהַמִּנְהָגוֹת,והמנהגות
וְהַגְּזֵרוֹת,והגזירות
שֶׁנַּעֲשׂוּ,שנעשו
וּכְמוֹ,וכמו
שֶׁפֵּרְשׁוּ,שפירשו
לָנוּ,לנו
חִבּוּרֵיהֶן,חיבוריהן
קָרָאתִי,קראתי
שֶׁאָדָם,שאדם
תְּחִלָּה,תחילה
בְּזֶה,בזה
וְיוֹדֵעַ,ויודע
וְאֵינוּ,ואינו
לִקְרוֹת,לקרות
בֵּינֵיהֶם,ביניהם
מג,מג
לְחַלַּק,לחלק
עִנְיָן,עניין
וְעִנְיָן,ועניין
וַאֲחַלַּק,ואחלק
הַהֲלָכוֹת,ההלכות
לִפְרָקִים,לפרקים
שֶׁבְּאוֹתוֹ,שבאותו
פֵּרֶק,פרק
וּפֵרֶק,ופרק
אֲחַלַּק,אחלק
לַהֲלָכוֹת,להלכות
קְטַנּוֹת,קטנות
סְדוּרִין,סדורין
מד,מד
יֵשׁ,יש
מִשְׁפְּטֵי,משפטי
אַחַת,אחת
בִּלְבָד,בלבד
וְהִיא,והיא
שֶׁיֵּשׁ,שיש
קַבָּלָה,קבלה
הַרְבֵּה,הרבה
בִּפְנֵי,בפני
וְיֵשׁ,ויש
כּוֹלְלִין,כוללין
מִצְווֹת,מצוות
יִהְיוּ,יהיו
בְּעִנְיָן,בעניין
שֶׁחִלּוּק,שחילוק
הָעִנְיָנִים,העניינים
מִנְיַן,מניין
שֶׁיִּתְבָּאַר,שיתבאר
לַקּוֹרֶא,לקורא
מה,מה
וּמִנְיַן,ומניין
הַנּוֹהֲגוֹת,הנוהגות
לְדוֹרוֹת,לדורות
שֵׁשׁ,שש
וּשְׁלוֹשׁ,ושלוש
עֲשֵׂה,עשה
מָאתַיִם,מאתיים
שְׁמוֹנֶה,שמונה
וְאַרְבָּעִים,וארבעים
סִימָן,סימן
לָהֶן,להן
אֵבָרָיו,אבריו
וּמֵהֶן,ומהן
תַעֲשֶׂה,תעשה
שְׁלוֹשׁ,שלוש
חָמֵשׁ,חמש
וְשִׁשִּׁים,ושישים
יְמוֹת,ימות
הַחַמָּה,החמה
רִאשׁוֹנָה,ראשונה
מִמִּצְווֹת,ממצוות
לֵידַע,לידע
אֱלוֹהַּ,אלוה
"""אָנֹכִי","""אנוכי"
"אֱלֹהֶיךָ""","אלוהיך"""
לְיַחֲדוֹ,לייחדו
"""ה'","""ה'"
אֱלֹהֵינוּ,אלוהינו
"אֶחָד""","אחד"""
לְאָהֳבוֹ,לאוהבו
"""וְאָהַבְתָּ","""ואהבת"
לְיִרְאָה,ליראה
"""אֶת","""את"
אֱלֹהֶיךָ,אלוהיך
"תִּירָא""","תירא"""
לְהִתְפַּלַּל,להתפלל
"""וַעֲבַדְתֶּם","""ועבדתם"
"אֱלֹהֵיכֶם""","אלוהיכם"""
עֲבוֹדָה,עבודה
תְּפִלָּה,תפילה
לְדָבְקָה,לדובקה
"""וּבוֹ","""ובו"
"תִדְבָּק""","תדבק"""
לְהִשָּׁבַע,להישבע
בִּשְׁמוֹ,בשמו
"""וּבִשְׁמוֹ","""ובשמו"
"תִּשָּׁבֵעַ""","תישבע"""
לְהִדַּמּוֹת,להידמות
בִּדְרָכָיו,בדרכיו
הַטּוֹבִים,הטובים
וְהַיְּשָׁרִים,והישרים
"""וְהָלַכְתָּ","""והלכת"
"בִּדְרָכָיו""","בדרכיו"""
לְקַדַּשׁ,לקדש
שְׁמוֹ,שמו
"""וְנִקְדַּשְׁתִּי","""ונקדשתי"
בְּתוֹךְ,בתוך
בְּנֵי,בני
"יִשְׂרָאֵל""","ישראל"""
קִרְיַת,קרית
שְׁמַע,שמע
פַּעֲמַיִם,פעמיים
יוֹם,יום
"""וְדִבַּרְתָּ","""ודיברת"
בָּם,בם
וּבְשָׁכְבְּךָ,ובשוכבך
"וּבְקוּמֶךָ""","ובקומך"""
וּלְלַמְּדָהּ,וללמדה
"""וְשִׁנַּנְתָּם","""ושיננתם"
"לְבָנֶיךָ""","לבניך"""
לִקְשֹׁר,לקשור
תְּפִלִּין,תפילין
בָּרֹאשׁ,בראש
"""וְהָיוּ","""והיו"
לְטֹטָפֹת,לטוטפות
"עֵינֶיךָ""","עיניך"""
בַּיָּד,ביד
"""וּקְשַׁרְתָּם","""וקשרתם"
לְאוֹת,לאות
"יָדֶךָ""","ידך"""
צִיצִית,ציצית
"""וְעָשׂוּ","""ועשו"
"צִיצִת""","ציצית"""
במדבר,במדבר
לִקְבֹּעַ,לקבוע
מְזוּזָה,מזוזה
"""וּכְתַבְתָּם","""וכתבתם"
"מְזֻזוֹת""","מזוזות"""
לְהַקְהִיל,להקהיל
הָעָם,העם
לִשְׁמֹעַ,לשמוע
בְּמוֹצָאֵי,במוצאי
שְׁבִיעִית,שביעית
"""הַקְהֵל","""הקהל"
"הָעָם""","העם"""
לִכְתֹּב,לכתוב
"""כִּתְבוּ","""כתבו"
לָכֶם,לכם
הַשִּׁירָה,השירה
"הַזֹּאת""","הזאת"""
הַמֶּלֶךְ,המלך
הָאֶחָד,האחד
שְׁתֵּי,שתי
תּוֹרוֹת,תורות
"""וְכָתַב","""וכתב"
לְבָרַךְ,לברך
הַמָּזוֹן,המזון
"""וְאָכַלְתָּ","""ואכלת"
וְשָׂבָעְתָּ,ושבעת
"וּבֵרַכְתָּ""","ובירכת"""
לִבְנוֹת,לבנות
הַבְּחִירָה,הבחירה
לִי,לי
"מִקְדָּשׁ""","מקדש"""
מִבַּיִת,מבית
"""וּמִקְדָּשִׁי","""ומקדשי"
"תִּירָאוּ""","תיראו"""
לִשְׁמֹר,לשמור
בַּיִת,בית
"""וְאַתָּה","""ואתה"
וּבָנֶיךָ,ובניך
אִתָּךְ,איתך
לִפְנֵי,לפני
אֹהֶל,אוהל
"הָעֵדֻת""","העדות"""
הַלֵּוִי,הלוי
עוֹבֵד,עובד
בַּמִּקְדָּשׁ,במקדש
"""וְעָבַד","""ועבד"
"הוּא""","הוא"""
יָדָיו,ידיו
וְרַגְלָיו,ורגליו
בְּשָׁעַת,בשעת
הָעֲבוֹדָה,העבודה
"""וְרָחֲצוּ","""ורחצו"
אַהֲרֹן,אהרון
וּבָנָיו,ובניו
לַעֲרֹךְ,לערוך
נֵרוֹת,נרות
"""יַעֲרֹךְ","""יערוך"
"וּבָנָיו""","ובניו"""
הַכּוֹהֲנִים,הכוהנים
"""כֹּה","""כה"
תְבָרְכוּ,תברכו
לְהַסְדִּיר,להסדיר
לֶחֶם,לחם
וּלְבוֹנָה,ולבונה
שַׁבָּת,שבת
"""וְנָתַתָּ","""ונתת"
הַשֻּׁלְחָן,השולחן
"פָּנִים""","פנים"""
לְהַקְטִיר,להקטיר
קְטֹרֶת,קטורת
בַּיּוֹם,ביום
"""וְהִקְטִיר","""והקטיר"
עָלָיו,עליו
"סַמִּים""","סמים"""
אֵשׁ,אש
בְּמִזְבַּח,במזבח
הָעוֹלָה,העולה
"""אֵשׁ","""אש"
תּוּקַד,תוקד
"הַמִּזְבֵּחַ""","המזבח"""
לְהָרִים,להרים
הַדֶּשֶׁן,הדשן
מֵעַל,מעל
הַמִּזְבֵּחַ,המזבח
"""וְהֵרִים","""והרים"
"הַדֶּשֶׁן""","הדשן"""
לְשַׁלַּח,לשלח
טְמֵאִים,טמאים
מִמַּחֲנֵה,ממחנה
שְׁכִינָה,שכינה
הַמִּקְדָּשׁ,המקדש
"""וִישַׁלְּחוּ","""וישלחו"
הַמַּחֲנֶה,המחנה
צָרוּעַ,צרוע
"זָב""","זב"""
לַחְלֹק,לחלוק
כָּבוֹד,כבוד
לְזַרְעוֹ,לזרעו
וּלְהַקְדִּימוֹ,ולהקדימו
דָּבָר,דבר
שֶׁבִּקְדֻשָּׁה,שבקדושה
"""וְקִדַּשְׁתּוֹ""","""וקידשתו"""
לוֹבְשִׁים,לובשים
לָעֲבוֹדָה,לעבודה
בִּגְדֵי,בגדי
כְּהֻנָּה,כהונה
"""וְעָשִׂיתָ","""ועשית"
בִגְדֵי,בגדי
"קֹדֶשׁ""","קודש"""
לָשֵׂאת,לשאת
הָאָרוֹן,הארון
הַכָּתֵף,הכתף
כְּשֶׁנּוֹשְׂאִין,כשנושאין
"""בַּכָּתֵף","""בכתף"
"יִשָּׂאוּ""","יישאו"""
לִמְשֹׁחַ,למשוח
כּוֹהֲנִים,כוהנים
גְּדוֹלִים,גדולים
וּמְלָכִים,ומלכים
בְּשֶׁמֶן,בשמן
הַמִּשְׁחָה,המשחה
"""שֶׁמֶן","""שמן"
מִשְׁחַת,משחת
קֹדֶשׁ,קודש
"זֶה""","זה"""
עוֹבְדִין,עובדין
מִשְׁמָרוֹת,משמרות
וּבַמּוֹעֲדִים,ובמועדים
כְּאֶחָד,כאחד
"""וְכִי","""וכי"
יָבֹא,יבוא
לְבַד,לבד
מִמְכָּרָיו,ממכריו
"הָאָבוֹת""","האבות"""
מִטַּמֵּאִין,מיטמאין
לִקְרוֹבֵיהֶם,לקרוביהם
וּמִתְאַבְּלִין,ומתאבלין
כִּשְׁאָר,כשאר
מְצֻוִּין,מצווין
לְהִתְאַבַּל,להתאבל
מֵתֵיהֶן,מתיהן
"""לָהּ","""לה"
"יִטַּמָּא""","ייטמא"""
נוֹשֵׂא,נושא
בְּתוּלָה,בתולה
"""וְהוּא","""והוא"
אִשָּׁה,אישה
בִבְתוּלֶיהָ,בבתוליה
"יִקָּח""","ייקח"""
לְהַקְרִיב,להקריב
תְּמִידִין,תמידין
"""שְׁנַיִם","""שניים"
לַיּוֹם,ליום
עֹלָה,עולה
"תָמִיד""","תמיד"""
מִנְחָה,מנחה
"""זֶה","""זה"
קָרְבַּן,קרבן
לְהוֹסִיף,להוסיף
קָרְבָּן,קרבן
"""וּבְיוֹם","""וביום"
הַשַּׁבָּת,השבת
"כְבָשִׂים""","כבשים"""
חֹדֶשׁ,חודש
וְחֹדֶשׁ,וחודש
"""וּבְרָאשֵׁי","""ובראשי"
"חָדְשֵׁיכֶם""","חודשיכם"""
בְּחַג,בחג
הַפֶּסַח,הפסח
"""שִׁבְעַת","""שבעת"
יָמִים,ימים
תַּקְרִיבוּ,תקריבו
אִשֶּׁה,אישה
"לַה'""","לה'"""
מִנְחַת,מנחת
הָעֹמֶר,העומר
מִמָּחֳרַת,ממוחרת
כֶּבֶשׂ,כבש
"""וַהֲבֵאתֶם","""והבאתם"
"עֹמֶר""","עומר"""
בְּיוֹם,ביום
עֲצֶרֶת,עצרת
הַבִּכּוּרִים,הביכורים
וְהִקְרַבְתֶּם,והקרבתם
"עוֹלָה""","עולה"""
מו,מו
לְהָבִיא,להביא
הַלֶּחֶם,הלחם
הַקָּרְבָּנוֹת,הקרבנות
הַקְּרֵבִין,הקרבין
בִּגְלַל,בגלל
"""מִמּוֹשְׁבֹתֵיכֶם","""ממושבותיכם"
תָּבִיאּוּ,תביאו
תְּנוּפָה,תנופה
"הַלֶּחֶם""","הלחם"""
מז,מז
בְּרֹאשׁ,בראש
הַשָּׁנָה,השנה
"""וּבַחֹדֶשׁ","""ובחודש"
הַשְּׁבִיעִי,השביעי
בְּאֶחָד,באחד
לַחֹדֶשׁ,לחודש
וַעֲשִׂיתֶם,ועשיתם
"עֹלָה""","עולה"""
מח,מח
הַצּוֹם,הצום
"""וּבֶעָשׂוֹר","""ובעשור"
מט,מט
עֲבוֹדַת,עבודת
הַיּוֹם,היום
"""בְּזֹאת","""בזאת"
וּמֵאֵת,ומאת
עֲדַת,עדת
הַכְּתוּבָה,הכתובה
בְּפָרָשַׁת,בפרשת
"""אַחֲרֵי","""אחרי"
"מוֹת""","מות"""
נ,נ
הַסֻּכּוֹת,הסוכות
"""וְהִקְרַבְתֶּם","""והקרבתם"
אִשֵּׁה,אישה
נא,נא
שְׁמִינִי,שמיני
שֶׁיּוֹם,שיום
רֶגֶל,רגל
"""בַּיּוֹם","""ביום"
הַשְּׁמִינִי,השמיני
"עֲצֶרֶת""","עצרת"""
נב,נב
לָחֹג,לחוג
בָּרְגָלִים,ברגלים
"""שָׁלֹשׁ","""שלוש"
רְגָלִים,רגלים
תָּחֹג,תחוג
"לִי""","לי"""
נג,נג
לְהֵרָאוֹת,להיראות
פְּעָמִים,פעמים
בַּשָּׁנָה,בשנה
יֵרָאֶה,ייראה
"זְכוּרְךָ""","זכורך"""
נד,נד
לִשְׂמֹחַ,לשמוח
"""וְשָׂמַחְתָּ","""ושמחת"
"בְּחַגֶּךָ""","בחגך"""
נה,נה
לִשְׁחֹט,לשחוט
"""וְשָׁחֲטוּ","""ושחטו"
כֹּל,כול
קְהַל,קהל
נו,נו
לֶאֱכֹל,לאכול
בְּשַׂר,בשר
בְּלֵיל,בליל
"""וְאָכְלוּ","""ואכלו"
הַבָּשָׂר,הבשר
בַּלַּיְלָה,בלילה
"הַזֶּה""","הזה"""
נז,נז
פֶּסַח,פסח
שֵׁנִי,שני
"""בַּחֹדֶשׁ","""בחודש"
הַשֵּׁנִי,השני
בְּאַרְבָּעָה,בארבעה
"עָשָׂר""","עשר"""
נח,נח
"""עַל","""על"
מַצּוֹת,מצות
וּמְרֹרִים,ומרורים
"יֹאכְלֻהוּ""","יאכלוהו"""
נט,נט
לִתְקֹעַ,לתקוע
בַּחֲצוֹצְרוֹת,בחצוצרות
וּבְשָׁעַת,ובשעת
הַצָּרוֹת,הצרות
"""וּתְקַעְתֶּם","""ותקעתם"
"בַּחֲצֹצְרֹת""","בחצוצרות"""
ס,ס
קָרְבָּנוֹת,קרבנות
בְּהֵמָה,בהמה
וָהָלְאָה,והלאה
"""וּמִיּוֹם","""ומיום"
"וָהָלְאָה""","והלאה"""
סא,סא
תָּמִים,תמים
"""תָּמִים","""תמים"
"לְרָצוֹן""","לרצון"""
סב,סב
לִמְלֹחַ,למלוח
קָרְבָּנְךָ,קרבנך
תַּקְרִיב,תקריב
"מֶלַח""","מלח"""
סג,סג
מַעֲשֵׂה,מעשה
"""אִם","""אם"
"קָרְבָּנוֹ""","קרבנו"""
סד,סד
הַחַטָּאת,החטאת
"""זֹאת","""זאת"
תּוֹרַת,תורת
"הַחַטָּאת""","החטאת"""
סה,סה
הָאָשָׁם,האשם
"הָאָשָׁם""","האשם"""
סו,סו
זֶבַח,זבח
הַשְּׁלָמִים,השלמים
"""וְזֹאת","""וזאת"
"הַשְּׁלָמִים""","השלמים"""
סז,סז
הַמִּנְחָה,המנחה
"""וְנֶפֶשׁ","""ונפש"
כִּי,כי
תַקְרִיב,תקריב
"מִנְחָה""","מנחה"""
סח,סח
טָעוּ,טעו
בַּהוֹרָאָה,בהוראה
"""וְאִם","""ואם"
"יִשְׁגּוּ""","ישגו"""
סט,סט
הַיָּחִיד,היחיד
חַטָּאת,חטאת
שָׁגַג,שגג
בְּמִצְוַת,במצות
שֶׁחַיָּבִין,שחייבין
כָּרֵת,כרת
"""נֶפֶשׁ","""נפש"
"תֶחֱטָא""","תחטא"""
ע,ע
נִסְתַּפַּק,נסתפק
חָטָא,חטא
בְּחֵטְא,בחטא
"""וְלֹא","""ולא"
יָדַע,ידע
וְאָשֵׁם,ואשם
וְהֵבִיא,והביא
"אֲשָׁמוֹ""","אשמו"""
אָשָׁם,אשם
תָּלוּי,תלוי
עא,עא
הַשּׁוֹגֵג,השוגג
בִּמְעִילָה,במעילה
הַחוֹטֶא,החוטא
בִּגְזֵלָה,בגזילה
בְּשִׁפְחָה,בשפחה
חֲרוּפָה,חרופה
שֶׁכָּפַר,שכפר
בַּפִּקָּדוֹן,בפיקדון
וְנִשְׁבַּע,ונשבע
וַדַּאי,ודאי
עב,עב
עוֹלֶה,עולה
וְיוֹרֵד,ויורד
תַגִּיעַ,תגיע
"יָדוֹ""","ידו"""
תַשִּׂיג,תשיג
עג,עג
לְהִתְוַדּוֹת,להתוודות
חֵטְא,חטא
שֶׁיַּעֲשֶׂה,שיעשה
הָאָדָם,האדם
הַקָּרְבָּן,הקרבן
וְשֶׁלֹּא,ושלא
"""וְהִתְוַדּוּ","""והתוודו"
חַטָּאתָם,חטאתם
"עָשׂוּ""","עשו"""
עד,עד
הַזָּב,הזב
שֶׁיִּטְהַר,שיטהר
יִטְהַר,יטהר
עה,עה
הַזָּבָה,הזבה
שֶׁתִּטְהַר,שתטהר
טָהֲרָה,טהרה
"מִזּוֹבָהּ""","מזובה"""
עו,עו
הַיּוֹלֶדֶת,היולדת
"""וּבִמְלֹאת","""ובמלאות"
"טָהֳרָהּ""","טוהרה"""
עז,עז
הַמְּצֹרָע,המצורע
"""וּבַיּוֹם","""וביום"
"הַשְּׁמִינִי""","השמיני"""
עח,עח
לְעַשַּׂר,לעשר
הַבְּהֵמָה,הבהמה
"""וְכָל","""וכל"
מַעְשַׂר,מעשר
בָּקָר,בקר
"וָצֹאן""","וצאן"""
עט,עט
בְּכוֹר,בכור
הַטְּהוֹרָה,הטהורה
וּלְהַקְרִיבוֹ,ולהקריבו
"""כָּל","""כל"
הַבְּכוֹר,הבכור
"יִוָּלֵד""","ייוולד"""
פ,פ
לִפְדּוֹת,לפדות
"""אַךְ","""אך"
פָּדֹה,פדה
תִפְדֶּה,תפדה
"הָאָדָם""","האדם"""
פא,פא
פֶּטֶר,פטר
חֲמוֹר,חמור
"""וּפֶטֶר","""ופטר"
תִּפְדֶּה,תפדה
"בְשֶׂה""","בשה"""
פב,פב
לַעֲרֹף,לערוף
"וַעֲרַפְתּוֹ""","וערפתו"""
פג,פג
בְּחוֹבָה,בחובה
בִּנְדָבָה,בנדבה
בְּרֶגֶל,ברגל
שֶׁפָּגַע,שפגע
"""וּבָאתָ","""ובאת"
שָּׁמָּה,שמה
וַהֲבֵאתֶם,והבאתם
"שָׁמָּה""","שמה"""
פד,פד
"""וְשָׁם","""ושם"
תַּעֲשֶׂה,תעשה
"מְצַוֶּךָּ""","מצווך"""
פה,פה
לְהִטַּפַּל,להיטפל
בַּהֲבָאַת,בהבאת
מֵחוּצָה,מחוצה
לָאָרֶץ,לארץ
"""רַק","""רק"
קָדָשֶׁיךָ,קודשיך
וּנְדָרֶיךָ,ונדריך
תִּשָּׂא,תישא
"וּבָאתָ""","ובאת"""
לָמְדוּ,למדו
מְדַבֵּר,מדבר
בְּקָדְשֵׁי,בקודשי
חוּצָה,חוצה
פו,פו
קֳדָשִׁים,קודשים
בַּעֲלֵי,בעלי
מוּמִין,מומין
וְיִהְיוּ,ויהיו
מֻתָּרִין,מותרין
בַּאֲכִילָה,באכילה
אַוַּת,אוות
נַפְשְׁךָ,נפשך
תִּזְבַּח,תזבח
וְאָכַלְתָּ,ואכלת
"בָשָׂר""","בשר"""
בִּפְסוּלֵי,בפסולי
הַמֻּקְדָּשִׁין,המוקדשין
שֶׁיִּפָּדוּ,שייפדו
פז,פז
הַתְּמוּרָה,התמורה
"""וְהָיָה","""והיה"
וּתְמוּרָתוֹ,ותמורתו
"קֹּדֶשׁ""","קודש"""
פח,פח
שְׁיַרֵי,שיירי
מְנָחוֹת,מנחות
"""וְהַנּוֹתֶרֶת","""והנותרת"
מִמֶּנָּה,ממנה
יֹאכְלוּ,יאכלו
פט,פט
וְאָשָׁם,ואשם
אֹתָם,אותם
כֻּפַּר,כופר
"בָּהֶם""","בהם"""
צ,צ
לִשְׂרֹף,לשרוף
שֶׁנִּטְמָא,שנטמא
"""וְהַבָּשָׂר","""והבשר"
יִגַּע,ייגע
"טָמֵא""","טמא"""
צא,צא
נוֹתָר,נותר
"""וְהַנּוֹתָר","""והנותר"
מִבְּשַׂר,מבשר
הַזָּבַח,הזבח
הַשְּׁלִישִׁי,השלישי
בָּאֵשׁ,באש
"יִשָּׂרֵף""","יישרף"""
צב,צב
לְגַדַּל,לגדל
הַנָּזִיר,הנזיר
שְׂעָרוֹ,שיערו
"""גַּדֵּל","""גדל"
פֶּרַע,פרע
שְׂעַר,שיער
"רֹאשׁוֹ""","ראשו"""
צג,צג
לְגַלַּח,לגלח
קָרְבְּנוֹתָיו,קרבנותיו
בִּמְלֹאת,במלאות
נִזְרוֹ,נזרו
נִטְמָא,נטמא
יָמוּת,ימות
מֵת,מת
"עָלָיו""","עליו"""
צד,צד
לְקַיַּם,לקיים
שֶׁהוֹצִיא,שהוציא
בִּשְׂפָתָיו,בשפתיו
מִקָּרְבָּן,מקרבן
צְדָקָה,צדקה
וְכַיּוֹצֶא,וכיוצא
"""מוֹצָא","""מוצא"
שְׂפָתֶיךָ,שפתיך
תִּשְׁמֹר,תשמור
"וְעָשִׂיתָ""","ועשית"""
צה,צה
לָדוּן,לדון
בַּהֲפֵר,בהפר
נְדָרִים,נדרים
הָאֲמוּרִין,האמורין
בַּפָּרָשָׁה,בפרשה
צו,צו
נוֹגֵעַ,נוגע
בַּנְּבֵלָה,בנבילה
טָמֵא,טמא
"הַבְּהֵמָה""","הבהמה"""
צז,צז
שְׁמוֹנָה,שמונה
שְׁרָצִים,שרצים
מְטַמְּאִין,מטמאין
"""וְזֶה","""וזה"
"הַטָּמֵא""","הטמא"""
צח,צח
הָאֹכָלִין,האוכלין
מִטַּמְּאִין,מיטמאין
"""מִכָּל","""מכל"
הָאֹכֶל,האוכל
"יֵאָכֵל""","ייאכל"""
צט,צט
הַנִּדָּה,הנידה
טְמֵאָה,טמאה
וּמְטַמְּאָה,ומטמאה
לַאֲחֵרִים,לאחרים
ק,ק
כַּנִּדָּה,כנידה
קא,קא
וּמְטַמֵּא,ומטמא
קב,קב
בֶּגֶד,בגד
מְנֻגַּע,מנוגע
קג,קג
מְטַמֵּא,מטמא
קד,קד
קה,קה
שִׁכְבַת,שכבת
זֶרַע,זרע
מְטַמְּאָה,מטמאה
קו,קו
זָבָה,זבה
קז,קז
הַמֵּת,המת
קח,קח
מֵי,מי
נִדָּה,נידה
לְאָדָם,לאדם
טָהוֹר,טהור
וּמְטַהֲרִין,ומטהרין
מִטֻּמְאַת,מטומאת
רֹב,רוב
מִשְׁפָּט,משפט
טֻמְאָה,טומאה
וְטֻמְאָה,וטומאה
מְבֹאָר,מבואר
קט,קט
הַטַּהְרָה,הטהרה
הַטְּמָאוֹת,הטמאות
בִּטְבִילָה,בטבילה
בְּמֵי,במי
מִקְוָה,מקוה
"""וְרָחַץ","""ורחץ"
בַּמַּיִם,במים
"בְּשָׂרוֹ""","בשרו"""
שֶׁרְחִיצָה,שרחיצה
בְּמַיִם,במים
שֶׁכָּל,שכל
גּוּפוֹ,גופו
בְּבַת,בבת
קי,קי
הַצָּרַעַת,הצרעת
צָרַעַת,צרעת
בְּעֵץ,בעץ
אֶרֶז,ארז
וְאֵזוֹב,ואיזוב
וּשְׁנִי,ושני
תּוֹלַעַת,תולעת
וּשְׁתֵּי,ושתי
צִפֳּרִים,ציפורים
וּמַיִם,ומים
תִּהְיֶה,תהיה
"הַמְּצֹרָע""","המצורע"""
קיא,קיא
מְגַלֵּחַ,מגלח
בַיּוֹם,ביום
יְגַלַּח,יגלח
"שְׂעָרוֹ""","שיערו"""
קיב,קיב
יָדוּעַ,ידוע
הָאֲמוּרִים,האמורים
"""בְּגָדָיו","""בגדיו"
פְרֻמִים,פרומים
וְרֹאשׁוֹ,וראשו
פָרוּעַ,פרוע
וְעַל,ועל
שָׂפָם,שפם
יַעְטֶה,יעטה
וְטָמֵא,וטמא
"יִקְרָא""","יקרא"""
הַטְּמֵאִים,הטמאים
לְהוֹדִיעַ,להודיע
עַצְמָן,עצמן
קיג,קיג
פָּרָה,פרה
אֲדֻמָּה,אדומה
אֶפְרָהּ,אפרה
מוּכָן,מוכן
"""וְהָיְתָה","""והייתה"
לַעֲדַת,לעדת
קיד,קיד
מַעְרִיךְ,מעריך
נוֹתֵן,נותן
דָּמִים,דמים
הַקְּצוּבִין,הקצובין
"""אִישׁ","""איש"
יַפְלִא,יפליא
"נֶדֶר""","נדר"""
קטו,קטו
דָּמֶיהָ,דמיה
"""וְהֶעֱמִיד","""והעמיד"
קטז,קטז
בֵּיתוֹ,ביתו
כְּעֵרֶךְ,כערך
"""וְאִישׁ","""ואיש"
יַקְדִּשׁ,יקדיש
"בֵּיתוֹ""","ביתו"""
קיז,קיז
לִתֵּן,ליתן
מַקְדִּישׁ,מקדיש
שָׂדֵהוּ,שדהו
עֶרְכָּהּ,ערכה
הָאָמוּר,האמור
מִשְּׂדֵה,משדה
"אֲחֻזָּתוֹ""","אחוזתו"""
קיח,קיח
הַמּוֹעֵל,המועל
אוֹכֵל,אוכל
תְּרוּמָה,תרומה
חֹמֶשׁ,חומש
הַקֶּרֶן,הקרן
וּלְהַחְזִירוֹ,ולהחזירו
"""וְאֵת","""ואת"
הַקֹּדֶשׁ,הקודש
"יְשַׁלֵּם""","ישלם"""
נֶטַע,נטע
רְבָעִי,רבעי
"""יִהְיֶה","""יהיה"
פִּרְיוֹ,פרייו
"הִלּוּלִים""","הילולים"""
קכ,קכ
לְהַנִּיחַ,להניח
פֵּאָה,פיאה
קכא,קכא
לֶקֶט,לקט
קכב,קכב
עֹמֶר,עומר
הַשִּׁכְחָה,השכחה
קכג,קכג
עוֹלֵלוֹת,עוללות
בַּכֶּרֶם,בכרם
קכד,קכד
פֶּרֶט,פרט
הַכֶּרֶם,הכרם
נֶאֱמָר,נאמר
"""לֶעָנִי","""לעני"
וְלַגֵּר,ולגר
תַּעֲזֹב,תעזוב
"אֹתָם""","אותם"""
מִצְוַת,מצות
שֶׁלָּהֶם,שלהם
קכה,קכה
בִּכּוּרִים,ביכורים
"""רֵאשִׁית","""ראשית"
בִּכּוּרֵי,ביכורי
"אַדְמָתְךָ""","אדמתך"""
קכו,קכו
לְהַפְרִישׁ,להפריש
לַכּוֹהֵן,לכוהן
דְּגָנְךָ,דגנך
קכז,קכז
דָּגָן,דגן
לַלְּוִיִּים,ללויים
"הָאָרֶץ""","הארץ"""
קכח,קכח
מַעֲשֵׂר,מעשר
לְהֵאָכֵל,להיאכל
לִבְעָלָיו,לבעליו
בִּירוּשָׁלַיִם,בירושלים
"""עַשֵּׂר","""עשר"
תְּעַשֵּׂר,תעשר
תְּבוּאַת,תבואת
"זַרְעֶךָ""","זרעך"""
שֶׁזֶּה,שזה
קכט,קכט
הַלְּוִיִּים,הלויים
מַפְרִישִׁין,מפרישין
הַמַּעֲשֵׂר,המעשר
שֶׁלָּקְחוּ,שלקחו
וְנוֹתְנִין,ונותנין
לַכּוֹהֲנִים,לכוהנים
"""וְאֶל","""ואל"
הַלְוִיִּם,הלויים
"תְּדַבֵּר""","תדבר"""
קל,קל
עָנִי,עני
תַּחַת,תחת
בַּשְּׁלִישִׁית,בשלישית
וּבַשִּׁשִּׁית,ובשישית
בַּשָּׁבוּעַ,בשבוע
"""מִקְצֵה","""מקצה"
שָׁלֹשׁ,שלוש
תּוֹצִיא,תוציא
"תְּבוּאָתְךָ""","תבואתך"""
קלא,קלא
וִדּוּי,וידוי
"""וְאָמַרְתָּ","""ואמרת"
בִּעַרְתִּי,ביערתי
"הַקֹּדֶשׁ""","הקודש"""
קלב,קלב
"""וְעָנִיתָ","""וענית"
וְאָמַרְתָּ,ואמרת
קלג,קלג
חַלָּה,חלה
עֲרִסֹתֵכֶם,עריסותיכם
"תָּרִימוּ""","תרימו"""
קלד,קלד
לְהַשְׁמִיט,להשמיט
קַרְקָע,קרקע
"""וְהַשְּׁבִיעִת","""והשביעית"
תִּשְׁמְטֶנָּה,תשמטנה
"וּנְטַשְׁתָּהּ""","ונטשתה"""
קלה,קלה
לִשְׁבֹּת,לשבות
מֵעֲבוֹדַת,מעבודת
הָאָרֶץ,הארץ
"""בֶּחָרִישׁ","""בחריש"
וּבַקָּצִיר,ובקציר
"תִּשְׁבֹּת""","תשבות"""
קלו,קלו
שְׁנַת,שנת
יוֹבֵל,יובל
בִּשְׁבִיתָה,בשביתה
כַּשְּׁמִטָּה,כשמיטה
"""וְקִדַּשְׁתֶּם","""וקידשתם"
"הַחֲמִשִּׁים""","החמישים"""
קלז,קלז
בַּשּׁוֹפָר,בשופר
בִּשְׁנַת,בשנת
הַיּוֹבֵל,היובל
"""וְהַעֲבַרְתָּ","""והעברת"
שׁוֹפַר,שופר
"תְּרוּעָה""","תרועה"""
קלח,קלח
גְּאֻלָּה,גאולה
"""וּבְכֹל","""ובכול"
אֶרֶץ,ארץ
אֲחֻזַּתְכֶם,אחוזתכם
תִּתְּנוּ,תיתנו
"לָאָרֶץ""","לארץ"""
קלט,קלט
גְּאֻלַּת,גאולת
בָּתֵּי,בתי
עָרֵי,ערי
חוֹמָה,חומה
יִמְכֹּר,ימכור
מוֹשַׁב,מושב
"חוֹמָה""","חומה"""
קמ,קמ
לִמְנוֹת,למנות
וּשְׁמִטִּים,ושמיטים
"""וְסָפַרְתָּ","""וספרת"
שֶׁבַע,שבע
שַׁבְּתֹת,שבתות
"שָׁנִים""","שנים"""
קמא,קמא
כְּסָפִים,כספים
בַּשְּׁבִיעִית,בשביעית
"""שָׁמוֹט","""שמוט"
בַּעַל,בעל
מַשֵּׁה,משה
קמב,קמב
לִנְגֹשׂ,לנגוש
לַנָּכְרִי,לנוכרי
הַנָּכְרִי,הנוכרי
תִּגֹּשׂ,תיגוש
וַאֲשֶׁר,ואשר
"לְךָ""","לך"""
קמג,קמג
הַזְּרוֹעַ,הזרוע
וְהַלְּחָיַיִם,והלחיים
וְהַקֵּבָה,והקיבה
"""וְנָתַן","""ונתן"
לַכֹּהֵן,לכוהן
"הַזְּרֹעַ""","הזרוע"""
קמד,קמד
רֵאשִׁית,ראשית
הַגֵּז,הגז
"""וְרֵאשִׁית","""וראשית"
גֵּז,גז
צֹאנְךָ,צאנך
תִּתֶּן,תיתן
"לוֹ""","לו"""
קמה,קמה
בְּדִינֵי,בדיני
חֲרָמִים,חרמים
לַה',לה'
חֵרֶם,חרם
קמו,קמו
חַיָּה,חיה
וָעוֹף,ועוף
יֹאכַל,יאכל
בְּשָׂרָן,בשרן
"""וְזָבַחְתָּ","""וזבחת"
מִבְּקָרְךָ,מבקרך
"וּמִצֹּאנְךָ""","ומצאנך"""
קמז,קמז
לְכַסּוֹת,לכסות
דַּם,דם
"""וְשָׁפַךְ","""ושפך"
דָּמוֹ,דמו
וְכִסָּהוּ,וכיסהו
"בֶּעָפָר""","בעפר"""
קמח,קמח
הַקֵּן,הקן
"""שַׁלֵּחַ","""שלח"
תְּשַׁלַּח,תשלח
הָאֵם,האם
וְאֶת,ואת
הַבָּנִים,הבנים
תִּקַּח,תיקח
"לָךְ""","לך"""
קמט,קמט
לִבְדֹּק,לבדוק
בְּסִימָנֵי,בסימני
הַחַיָּה,החיה
"תֹּאכְלוּ""","תאכלו"""
קנ,קנ
הָעוֹף,העוף
שֶׁיַּבְדִּיל,שיבדיל
שֶׁבּוֹ,שבו
לְטָהוֹר,לטהור
צִפּוֹר,ציפור
טְהֹרָה,טהורה
"תֹּאכֵלוּ""","תאכלו"""
קנא,קנא
חֲגָבִים,חגבים
הַטָּמֵא,הטמא
"""אֲשֶׁר","""אשר"
"כְרָעַיִם""","כרעיים"""
קנב,קנב
דָּגִים,דגים
תֹּאכְלוּ,תאכלו
מִכֹּל,מכול
"בַּמָּיִם""","במים"""
קנג,קנג
חֳדָשִׁים,חודשים
וְלַחְשֹׁב,ולחשוב
וָחֳדָשִׁים,וחודשים
"""הַחֹדֶשׁ","""החודש"
"חֳדָשִׁים""","חודשים"""
קנד,קנד
בַּשַּׁבָּת,בשבת
קנה,קנה
"""זָכוֹר","""זכור"
"לְקַדְּשׁוֹ""","לקדשו"""
קנו,קנו
לְבַעַר,לבער
חָמֵץ,חמץ
הָרִאשׁוֹן,הראשון
תַּשְׁבִּיתוּ,תשביתו
שְּׂאֹר,שאור
"מִבָּתֵּיכֶם""","מבתיכם"""
קנז,קנז
לְסַפַּר,לספר
בִּיצִיאַת,ביציאת
הַמַּצּוֹת,המצות
"""וְהִגַּדְתָּ","""והגדת"
"לְבִנְךָ""","לבנך"""
קנח,קנח
מַצָּה,מצה
"""בָּעֶרֶב","""בערב"
"מַצֹּת""","מצות"""
קנט,קנט
בָּרִאשׁוֹן,בראשון
מִקְרָא,מקרא
קס,קס
בַּשְּׁבִיעִי,בשביעי
קסא,קסא
לִסְפֹּר,לספור
מִקְּצִירַת,מקצירת
תִּשְׁעָה,תשעה
"""וּסְפַרְתֶּם","""וספרתם"
"הַשַּׁבָּת""","השבת"""
קסב,קסב
חֲמִשִּׁים,חמישים
"""וּקְרָאתֶם","""וקראתם"
בְּעֶצֶם,בעצם
קסג,קסג
"""בְּאֶחָד","""באחד"
"שַׁבָּתוֹן""","שבתון"""
קסד,קסד
לְהִתְעַנּוֹת,להתענות
בָּעֲשִׂירִי,בעשירי
תְּעַנּוּ,תענו
"נַפְשֹׁתֵיכֶם""","נפשותיכם"""
קסה,קסה
"""שַׁבַּת","""שבת"
שַׁבָּתוֹן,שבתון
"לָכֶם""","לכם"""
קסו,קסו
קסז,קסז
בַּשְּׁמִינִי,בשמיני
קסח,קסח
לֵישֵׁב,לישב
בַּסֻּכָּה,בסוכה
שִׁבְעַת,שבעת
"""בַּסֻּכֹּת","""בסוכות"
תֵּשְׁבוּ,תשבו
"יָמִים""","ימים"""
קסט,קסט
לִטֹּל,ליטול
לוֹלָב,לולב
"""וּלְקַחְתֶּם","""ולקחתם"
פְּרִי,פרי
עֵץ,עץ
"הָדָר""","הדר"""
קע,קע
קוֹל,קול
שׁוֹפָר,שופר
"""יוֹם","""יום"
תְּרוּעָה,תרועה
קעא,קעא
מַחֲצִית,מחצית
הַשֶּׁקֶל,השקל
יִתְּנוּ,ייתנו
"הָעֹבֵר""","העובר"""
קעב,קעב
יוֹסִיף,יוסיף
יִגְרַע,יגרע
"""אֵלָיו","""אליו"
"תִּשְׁמָעוּן""","תשמעון"""
קעג,קעג
לְמַנּוֹת,למנות
מֶלֶךְ,מלך
"""שׂוֹם","""שום"
תָּשִׂים,תשים
עָלֶיךָ,עליך
"מֶלֶךְ""","מלך"""
קעד,קעד
שֶׁיַּעַמְדוּ,שיעמדו
לְיִשְׂרָאֵל,לישראל
"""וְעַל","""ועל"
יֹאמְרוּ,יאמרו
"תַּעֲשֶׂה""","תעשה"""
קעה,קעה
לִנְטוֹת,לנטות
אַחֲרֵי,אחרי
מַחְלֹקֶת,מחלוקת
הַסַּנְהֶדְּרִין,הסנהדרין
בַּדִּינִין,בדינין
"לְהַטֹּת""","להטות"""
קעו,קעו
שׁוֹפְטִים,שופטים
וְשׁוֹטְרִים,ושוטרים
קָהָל,קהל
וְקָהָל,וקהל
"""שֹׁפְטִים","""שופטים"
וְשֹׁטְרִים,ושוטרים
קעז,קעז
לְהַשְׁווֹת,להשוות
דִּינִין,דינין
בְּשָׁעָה,בשעה
שֶׁעוֹמְדִין,שעומדין
בַּדִּין,בדין
"""בְּצֶדֶק","""בצדק"
תִּשְׁפֹּט,תשפוט
"עֲמִיתֶךָ""","עמיתך"""
קעח,קעח
לְהָעִיד,להעיד
עֵדוּת,עדות
עֵד,עד
רָאָה,ראה
"יָדָע""","ידע"""
קעט,קעט
לַחְקֹר,לחקור
הָעֵדִים,העדים
"""וְדָרַשְׁתָּ","""ודרשת"
וְחָקַרְתָּ,וחקרת
וְשָׁאַלְתָּ,ושאלת
"הֵיטֵב""","היטב"""
קפ,קפ
לְעֵדִים,לעדים
זוֹמְמִים,זוממים
שֶׁדִּמּוּ,שדימו
"""וַעֲשִׂיתֶם","""ועשיתם"
כַּאֲשֶׁר,כאשר
"זָמַם""","זמם"""
קפא,קפא
הָעֶגְלָה,העגלה
כְּמִצְוָתָהּ,כמצותה
"""וְעָרְפוּ","""וערפו"
"בַּנָּחַל""","בנחל"""
קפב,קפב
לְהָכִין,להכין
מִקְלָט,מקלט
"""תָּכִין","""תכין"
וְשִׁלַּשְׁתָּ,ושילשת
גְּבוּל,גבול
"אַרְצְךָ""","ארצך"""
קפג,קפג
לָתֵת,לתת
עָרִים,ערים
לָשֶׁבֶת,לשבת
קוֹלְטוֹת,קולטות
"""וְנָתְנוּ","""ונתנו"
לַלְוִיִּם,ללויים
"עָרִים""","ערים"""
קפד,קפד
מַעֲקֶה,מעקה
"לְגַגֶּךָ""","לגגך"""
קפה,קפה
לְאַבַּד,לאבד
זָרָה,זרה
מְשַׁמְּשֶׁיהָ,משמשיה
"""אַבֵּד","""אבד"
תְּאַבְּדוּן,תאבדון
"הַמְּקֹמוֹת""","המקומות"""
קפו,קפו
לַהְרֹג,להרוג
הַנִּדַּחַת,הנידחת
וְלִשְׂרֹף,ולשרוף
הָעִיר,העיר
"""וְשָׂרַפְתָּ","""ושרפת"
בָאֵשׁ,באש
קפז,קפז
שִׁבְעָה,שבעה
עֲמָמִים,עממים
מֵאֶרֶץ,מארץ
"""הַחֲרֵם","""החרם"
"תַּחֲרִימֵם""","תחרימם"""
קפח,קפח
לְהַכְרִית,להכרית
זַרְעוֹ,זרעו
"""תִּמְחֶה","""תמחה"
זֵכֶר,זכר
"עֲמָלֵק""","עמלק"""
קפט,קפט
לִזְכֹּר,לזכור
מַה,מה
שֶׁעָשָׂה,שעשה
עֲמָלֵק,עמלק
קצ,קצ
בְּמִלְחֶמֶת,במלחמת
הָרְשׁוּת,הרשות
כַּמִּשְׁפָּט,כמשפט
"""כִּי","""כי"
תִקְרַב,תקרב
"עִיר""","עיר"""
קצא,קצא
לַמִּלְחָמָה,למלחמה
כְּקָרָבְכֶם,כקורבכם
הַמִּלְחָמָה,המלחמה
וְנִגַּשׁ,וניגש
"הַכֹּהֵן""","הכוהן"""
קצב,קצב
לְהַתְקִין,להתקין
יָד,יד
בַּמַּחֲנֶה,במחנה
"""וְיָד","""ויד"
מִחוּץ,מחוץ
"לַמַּחֲנֶה""","למחנה"""
קצג,קצג
יָתֵד,יתד
"""וְיָתֵד","""ויתד"
"אֲזֵנֶךָ""","אזנך"""
קצד,קצד
לְהָשִׁיב,להשיב
הַגָּזֵל,הגזל
"""וְהֵשִׁיב","""והשיב"
הַגְּזֵלָה,הגזילה
"גָּזָל""","גזל"""
קצה,קצה
"""פָּתֹחַ","""פתוח"
תִּפְתַּח,תפתח
"יָדְךָ""","ידך"""
קצו,קצו
לְהַעְנִיק,להעניק
לְעֶבֶד,לעבד
עִבְרִי,עברי
"""הַעֲנֵיק","""הענק"
תַּעֲנִיק,תעניק
לְאָמָה,לאמה
עִבְרִיָּה,עברייה
קצז,קצז
לְהַלְווֹת,להלוות
לֶעָנִי,לעני
כֶּסֶף,כסף
תַּלְוֶה,תלווה
עַמִּי,עמי
"הֶעָנִי""","העני"""
"""אִם""","""אם"""
אֵינוּ,אינו
רְשׁוּת,רשות
"""וְהַעֲבֵט","""והעבט"
"תַּעֲבִיטֶנּוּ""","תעביטנו"""
קצח,קצח
בְּרִבִּית,בריבית
"""לַנָּכְרִי","""לנוכרי"
"תַשִּׁיךְ""","תשיך"""
שֶׁזּוֹ,שזו
קצט,קצט
הַמַּשְׁכּוֹן,המשכון
"""הָשֵׁב","""השב"
תָּשִׁיב,תשיב
"הַעֲבוֹט""","העבוט"""
ר,ר
שְׂכַר,שכר
שָׂכִיר,שכיר
בִּזְמַנּוֹ,בזמנו
"""בְּיוֹמוֹ","""ביומו"
תִתֵּן,תיתן
"שְׂכָרוֹ""","שכרו"""
רא,רא
הַשָּׂכִיר,השכיר
בִּזְמָן,בזמן
שְׂכִירוּתוֹ,שכירותו
תָבֹא,תבוא
בְּכֶרֶם,בכרם
רֵעֶךָ,ריעך
בְּקָמַת,בקמת
"רֵעֶךָ""","ריעך"""
רב,רב
לַעֲזֹב,לעזוב
בְּהֶמְתּוֹ,בהמתו
"""עָזֹב","""עזוב"
"עִמּוֹ""","עימו"""
רג,רג
לְהָקִים,להקים
הַמַּשָּׂא,המשא
"""הָקֵם","""הקם"
תָּקִים,תקים
רד,רד
הָאֲבֵדָה,האבידה
תְּשִׁיבֵם,תשיבם
"לְאָחִיךָ""","לאחיך"""
רה,רה
לְהוֹכִיחַ,להוכיח
"""הוֹכֵחַ","""הוכח"
תּוֹכִיחַ,תוכיח
רו,רו
לֶאֱהֹב,לאהוב
מִבְּנֵי,מבני
לְרֵעֲךָ,לריעך
"כָּמוֹךָ""","כמוך"""
רז,רז
הַגֵּר,הגר
"""וַאֲהַבְתֶּם","""ואהבתם"
"הַגֵּר""","הגר"""
רח,רח
לְצַדַּק,לצדק
מֹאזְנַיִם,מאזניים
הַמִּשְׁקָלוֹת,המשקלות
"""מֹאזְנֵי","""מאזני"
אַבְנֵי,אבני
"צֶדֶק""","צדק"""
רט,רט
לְכַבַּד,לכבד
"""מִפְּנֵי","""מפני"
שֵׂיבָה,שיבה
"תָּקוּם""","תקום"""
רי,רי
אָב,אב
וָאֵם,ואם
"""כַּבֵּד","""כבד"
אָבִיךָ,אביך
"אִמֶּךָ""","אימך"""
ריא,ריא
מֵאָב,מאב
אִמּוֹ,אימו
וְאָבִיו,ואביו
ריב,ריב
לִפְרוֹת,לפרות
וְלִרְבּוֹת,ולרבות
"""פְּרוּ","""פרו"
"וּרְבוּ""","ורבו"""
ריג,ריג
לִבְעֹל,לבעול
בְּקִדּוּשִׁין,בקידושין
יִקַּח,ייקח
וּבָא,ובא
"אֵלֶיהָ""","אליה"""
וראה,וראה
ריד,ריד
לְשַׂמַּח,לשמח
חָתָן,חתן
אִשְׁתּוֹ,אשתו
"""נָקִי","""נקי"
לְבֵיתוֹ,לביתו
"אֶחָת""","אחת"""
רטו,רטו
לָמוּל,למול
הַבֵּן,הבן
יִמּוֹל,יימול
"עָרְלָתוֹ""","עורלתו"""
רטז,רטז
לְיַבַּם,לייבם
אֵשֶׁת,אשת
אָח,אח
"""יְבָמָהּ","""יבמה"
"עָלֶיהָ""","עליה"""
ריז,ריז
לַחְלֹץ,לחלוץ
לַיָּבָם,ליבם
"""וְחָלְצָה","""וחלצה"
"נַעֲלוֹ""","נעלו"""
ריח,ריח
לִשָּׂא,לישא
אוֹנֵס,אונס
אֲנוּסָתוֹ,אנוסתו
"""וְלוֹ","""ולו"
תִהְיֶה,תהיה
"לְאִשָּׁה""","לאישה"""
ריט,ריט
מוֹצִיא,מוציא
רָע,רע
רכ,רכ
בִּמְפַתֶּה,במפתה
בַּחֲמִשִּׁים,בחמישים
שֶׁקֶל,שקל
דִּינָיו,דיניו
יְפַתֶּה,יפתה
"אִישׁ""","איש"""
רכא,רכא
לִיפַת,ליפת
תֹּאַר,תואר
כַּכָּתוּב,ככתוב
"""וְרָאִיתָ","""וראית"
"בַּשִּׁבְיָה""","בשביה"""
רכב,רכב
לְגָרַשׁ,לגרש
בַּשְּׁטָר,בשטר
לָהּ,לה
כְּרִיתֻת,כריתות
"בְּיָדָהּ""","בידה"""
רכג,רכג
לַסּוֹטָה,לסוטה
כְּתוֹרָתָהּ,כתורתה
"""וְעָשָׂה","""ועשה"
הַכֹּהֵן,הכוהן
רכד,רכד
לְהַלְקוֹת,להלקות
הָרְשָׁעִים,הרשעים
"""וְהִפִּילוֹ","""והפילו"
הַשֹּׁפֵט,השופט
"וְהִכָּהוּ""","והכהו"""
רכה,רכה
לְהַגְלוֹת,להגלות
רוֹצֵחַ,רוצח
בִּשְׁגָגָה,בשגגה
"""וְיָשַׁב","""וישב"
מוֹת,מות
רכו,רכו
הוֹרְגִין,הורגין
בְּסַיִף,בסיף
"""נָקֹם","""נקום"
"יִנָּקֵם""","יינקם"""
רכז,רכז
בְּחָנֵק,בחנק
"""מוֹת","""מות"
יוּמַת,יומת
הַנֹּאֵף,הנואף
"וְהַנֹּאָפֶת""","והנואפת"""
רכח,רכח
שׂוֹרְפִין,שורפין
בְּאֵשׁ,באש
"""בָּאֵשׁ","""באש"
יִשְׂרְפוּ,ישרפו
"וְאֶתְהֶן""","ואתהן"""
רכט,רכט
סוֹקְלִין,סוקלין
בַּאֲבָנִים,באבנים
"""וּסְקַלְתֶּם","""וסקלתם"
רל,רל
לִתְלוֹת,לתלות
שֶׁנִּתְחַיַּב,שנתחייב
תְּלִיָּה,תלייה
"""וְתָלִיתָ","""ותלית"
"עֵץ""","עץ"""
רלא,רלא
לִקְבֹּר,לקבור
הַנֶּהְרָג,הנהרג
בְּיוֹמוֹ,ביומו
קָבוֹר,קבור
תִּקְבְּרֶנּוּ,תקברנו
"הַהוּא""","ההוא"""
רלב,רלב
בְּעֶבֶד,בעבד
כְּהִלְכּוֹתָיו,כהלכותיו
תִקְנֶה,תקנה
עֶבֶד,עבד
"עִבְרִי""","עברי"""
רלג,רלג
לְיַעַד,לייעד
אָמָה,אמה
יְעָדָהּ,יעדה
וְאִם,ואם
לִבְנוֹ,לבנו
"יִיעָדֶנָּה""","ייעדנה"""
רלד,רלד
"""וְהֶפְדָּהּ""","""והפדה"""
רלה,רלה
לַעֲבֹד,לעבוד
כְּנַעֲנִי,כנעני
לְעוֹלָם,לעולם
"""לְעֹלָם","""לעולם"
"תַּעֲבֹדוּ""","תעבודו"""
רלו,רלו
הַחוֹבֵל,החובל
מְשַׁלֵּם,משלם
מָמוֹן,ממון
יְרִיבֻן,יריבון
אֲנָשִׁים,אנשים
"וְהִכָּה""","והכה"""
רלז,רלז
בְּנִזְקֵי,בנזקי
יִגֹּף,ייגוף
שׁוֹר,שור
"רֵעֵהוּ""","ריעהו"""
רלח,רלח
הַבּוֹר,הבור
יִפְתַּח,יפתח
"בּוֹר""","בור"""
רלט,רלט
בַּגַּנָּב,בגנב
בְּתַשְׁלוּמִין,בתשלומין
בְּמִיתָה,במיתה
"יִגְנֹב""","יגנוב"""
"בַּמַּחְתֶּרֶת""","במחתרת"""
"""וְגֹנֵב","""וגונב"
רמ,רמ
הֶבְעֵר,הבער
יַבְעֶר,יבער
שָׂדֶה,שדה
"כֶרֶם""","כרם"""
רמא,רמא
הָאֵשׁ,האש
תֵצֵא,תצא
וּמָצְאָה,ומצאה
"קֹצִים""","קוצים"""
רמב,רמב
שׁוֹמֵר,שומר
חִנָּם,חינם
יִתֵּן,ייתן
רֵעֵהוּ,ריעהו
"כֵלִים""","כלים"""
רמג,רמג
שָׂכָר,שכר
וְשׂוֹכֵר,ושוכר
"שׁוֹר""","שור"""
רמד,רמד
הַשּׁוֹאֵל,השואל
יִשְׁאַל,ישאל
רמה,רמה
מֶקָּח,מקח
וּמִמְכָּר,וממכר
תִמְכְּרוּ,תמכרו
"מִמְכָּר""","ממכר"""
רמו,רמו
טוֹעֵן,טוען
וְכוֹפֵר,וכופר
דְּבַר,דבר
"פֶּשַׁע""","פשע"""
רמז,רמז
לְהַצִּיל,להציל
הַנִּרְדָּף,הנרדף
וְאַפִלּוּ,ואפילו
בְּנֶפֶשׁ,בנפש
הָרוֹדֵף,הרודף
"""וְקַצֹּתָה","""וקצותה"
"כַּפָּהּ""","כפה"""
רמח,רמח
נְחָלוֹת,נחלות
וּבֵן,ובן
וְהָיְתָה,והייתה
לַעֲלוֹת,לעלות
בְּמַחְשָׁבָה,במחשבה
זוּלָתִי,זולתי
אֱלֹהִים,אלוהים
"אֲחֵרִים""","אחרים"""
פֶּסֶל,פסל
יַעֲשֶׂה,יעשה
בְּיָדוֹ,בידו
יַעֲשׂוּ,יעשו
פֶסֶל,פסל
"תְּמוּנָה""","תמונה"""
"""וֵאלֹהֵי","""ואלוהי"
מַסֵּכָה,מסכה
תַעֲשׂוּ,תעשו
צוּרוֹת,צורות
לְנוֹאי,לנואי
וְאַף,ואף
תַעֲשׂוּן,תעשון
אִתִּי,איתי
"כֶסֶף""","כסף"""
לְהִשְׁתַּחֲווֹת,להשתחוות
לַעֲבוֹדָה,לעבודה
עֲבוֹדָתָהּ,עבודתה
בְּהִשְׁתַּחֲוָיָה,בהשתחוויה
תִשְׁתַּחֲוֶה,תשתחווה
"לָהֶם""","להם"""
שֶׁדַּרְכָּהּ,שדרכה
לְהֵעָבֵד,להיעבד
"תָעָבְדֵם""","תועבדם"""
לְהַעְבִיר,להעביר
לַמֹּלֶךְ,למולך
"""וּמִזַּרְעֲךָ","""ומזרעך"
לְהַעֲבִיר,להעביר
"לַמֹּלֶךְ""","למולך"""
אוֹב,אוב
"""אַל","""אל"
תִּפְנוּ,תפנו
"הָאֹבֹת""","האובות"""
יִדְּעוֹנִי,יידעוני
"הַיִּדְּעֹנִים""","היידעונים"""
לִפְנוֹת,לפנות
"הָאֱלִילִם""","האלילים"""
מַצֵּבָה,מצבה
תָקִים,תקים
"מַצֵּבָה""","מצבה"""
אֶבֶן,אבן
מַשְׂכִּית,משכית
"""וְאֶבֶן","""ואבן"
תִתְּנוּ,תיתנו
"בְּאַרְצְכֶם""","בארצכם"""
לִטַּע,ליטע
אִילָן,אילן
תִטַּע,תיטע
אֲשֵׁרָה,אשרה
לִשָּׁבַע,לישבע
בַּעֲבוֹדָה,בעבודה
לְעוֹבְדֶיהָ,לעובדיה
מַשְׁבִּיעִין,משביעין
"""וְשֵׁם","""ושם"
"תַזְכִּירוּ""","תזכירו"""
לְהַדִּיחַ,להדיח
יִשָּׁמַע,יישמע
"פִּיךָ""","פיך"""
אַזְהָרָה,אזהרה
לַמַּדִּיחַ,למדיח
לְהַסִּית,להסית
בַּמַּסִּית,במסית
יוֹסִפוּ,יוסיפו
כַּדָּבָר,כדבר
"הָרָע""","הרע"""
הַמַּסִּית,המסית
תֹאבֶה,תאבה
הַשִּׂנְאָה,השנאה
לַמַּסִּית,למסית
תִשְׁמַע,תשמע
"אֵלָיו""","אליו"""
עוֹמֵד,עומד
תָחוֹס,תחוס
עֵינְךָ,עינך
יְלַמַּד,ילמד
הַמֻּסָּת,המוסת
זְכוּת,זכות
"תַחְמֹל""","תחמול"""
יִשְׁתֹּק,ישתוק
מִלְּלַמַּד,מללמד
חוֹבָה,חובה
תְכַסֶּה,תכסה
לֵהָנוֹת,ליהנות
בְּצִפּוּיֵי,בציפויי
נֶעְבָּד,נעבד
תַחְמֹד,תחמוד
וְזָהָב,וזהב
"עֲלֵיהֶם""","עליהם"""
לִכְמוֹת,לכמות
שֶׁהָיְתָה,שהייתה
תִבָּנֶה,תיבנה
"עוֹד""","עוד"""
בִּמְמוֹן,בממון
יִדְבַּק,ידבק
בְּיָדְךָ,בידך
מְאוּמָה,מאומה
"הַחֵרֶם""","החרם"""
וּבַתִּקְרֹבֶת,ובתקרובת
שֶׁלָּהּ,שלה
וּבַיַּיִן,וביין
שֶׁנִּתְנַסַּךְ,שנתנסך
תָבִיא,תביא
תוֹעֵבָה,תועבה
"בֵּיתֶךָ""","ביתך"""
לְהִתְנַבֵּא,להתנבא
בִּשְׁמָהּ,בשמה
"""וַאֲשֶׁר","""ואשר"
יְדַבֵּר,ידבר
וּמֵת,ומת
הַנָּבִיא,הנביא
בְּשֶׁקֶר,בשקר
יָזִיד,יזיד
לְדַבֵּר,לדבר
בִּשְׁמִי,בשמי
צִוִּיתִיו,ציוויתיו
"לְדַבֵּר""","לדבר"""
לַמִּתְנַבֵּא,למתנבא
"הַנָּבִיא""","הנביא"""
נִמָּנַע,נימנע
מֵהֲרִיגַת,מהריגת
נְבִיא,נביא
הַשֶּׁקֶר,השקר
נִירָא,נירא
תָגוּר,תגור
"מִמֶּנּוּ""","ממנו"""
בְּחֻקּוֹת,בחוקות
עוֹבְדֵי,עובדי
בְּמִנְהֲגוֹתָם,במנהגותם
תֵלְכוּ,תלכו
בְּחֻקֹּת,בחוקות
"הַגּוֹי""","הגוי"""
לִקְסֹם,לקסום
יִמָּצֵא,יימצא
בְךָ,בך
קֹסֵם,קוסם
"קְסָמִים""","קסמים"""
לְעוֹנֵן,לעונן
"תְעוֹנֵנוּ""","תעוננו"""
לְנַחַשׁ,לנחש
"תְנַחֲשׁוּ""","תנחשו"""
לְכַשַּׁף,לכשף
"וּמְכַשֵּׁף""","ומכשף"""
לַחְבֹּר,לחבור
חֶבֶר,חבר
"""וְחֹבֵר","""וחובר"
"חָבֶר""","חבר"""
לִשְׁאֹל,לשאול
בְּאוֹב,באוב
"""וְשֹׁאֵל","""ושואל"
"אוֹב""","אוב"""
בְּיִדְּעוֹנִי,ביידעוני
"וְיִדְּעֹנִי""","ויידעוני"""
בַּחֲלוֹם,בחלום
הַמֵּתִים,המתים
"""וְדֹרֵשׁ","""ודורש"
"הַמֵּתִים""","המתים"""
תַעְדֶּה,תעדה
עֲדִי,עדי
כְלִי,כלי
גֶבֶר,גבר
"אִשָּׁה""","אישה"""
יַעְדֶּה,יעדה
יִלְבַּשׁ,ילבש
גֶּבֶר,גבר
שִׂמְלַת,שמלת
מִנְהַג,מנהג
מְפֹרָשׁ,מפורש
בְּסִפְרֵי,בספרי
בַּגּוּף,בגוף
כְּעוֹבְדֵי,כעובדי
"""וּכְתֹבֶת","""וכתובת"
קַעֲקַע,קעקע
"בָּכֶם""","בכם"""
לִלְבֹּשׁ,ללבוש
שַׁעַטְנֵז,שעטנז
שֶׁלּוֹבְשִׁין,שלובשין
כּוּמָרֵי,כומרי
תִלְבַּשׁ,תלבש
"שַׁעַטְנֵז""","שעטנז"""
לְהַקִּיף,להקיף
פְּאַת,פיאת
כְּכוּמָרֵי,ככומרי
תַקִּפוּ,תקיפו
"רֹאשְׁכֶם""","ראשכם"""
לְהַשְׁחִית,להשחית
הַזָּקָן,הזקן
תַשְׁחִית,תשחית
"זְקָנֶךָ""","זקנך"""
לְהִתְגּוֹדֵד,להתגודד
"תִתְגֹּדְדוּ""","תתגודדו"""
וּגְדִידָה,וגדידה
וּשְׂרִיטָה,ושריטה
לִשְׁכֹּן,לשכון
תֹסִפוּן,תוסיפון
לָשׁוּב,לשוב
בַּדֶּרֶךְ,בדרך
לָתוּר,לתור
מַחְשְׁבוֹת,מחשבות
הַלֵּב,הלב
וּרְאִיַּת,וראיית
הָעֵינַיִם,העיניים
תָתוּרוּ,תתורו
לְבַבְכֶם,לבבכם
וְאַחֲרֵי,ואחרי
"עֵינֵיכֶם""","עיניכם"""
לִכְרֹת,לכרות
לְשִׁבְעָה,לשבעה
עֲמָמִין,עממין
תִכְרֹת,תכרות
"בְּרִית""","ברית"""
לְהַחֲיוֹת,להחיות
מִשִּׁבְעָה,משבעה
תְחַיֶּה,תחייה
"נְשָׁמָה""","נשמה"""
לָחֹן,לחון
"תְחָנֵּם""","תחונם"""
לְהוֹשִׁיב,להושיב
בְּאַרְצֵנוּ,בארצנו
יֵשְׁבוּ,יישבו
"בְּאַרְצְךָ""","בארצך"""
לְהִתְחַתַּן,להתחתן
בְּעוֹבְדֵי,בעובדי
תִתְחַתֵּן,תתחתן
"בָּם""","בם"""
יִשָּׂא,יישא
עַמּוֹנִי,עמוני
וּמוֹאָבִי,ומואבי
בַּת,בת
"וּמוֹאָבִי""","ומואבי"""
לְהַרְחִיק,להרחיק
עֵשָׂו,עשיו
הַקָּהָל,הקהל
שְׁלוֹשָׁה,שלושה
דּוֹרוֹת,דורות
תְתַעֵב,תתעב
"אֲדֹמִי""","אדומי"""
מִצְרִי,מצרי
מִלָּבוֹא,מלבוא
בַּקָּהָל,בקהל
"מִצְרִי""","מצרי"""
לִקְרֹא,לקרוא
שָׁלוֹם,שלום
לְעַמּוֹן,לעמון
וּמוֹאָב,ומואב
בַּתְּחִלָּה,בתחילה
מִלְחָמָה,מלחמה
הַגּוֹיִים,הגויים
תִדְרֹשׁ,תדרוש
שְׁלֹמָם,שלומם
"וְטֹבָתָם""","וטובתם"""
אִילָנֵי,אילני
מַאֲכָל,מאכל
הַשְׁחָתָה,השחתה
אָסוּר,אסור
"עֵצָהּ""","עצה"""
יִירְאוּ,ייראו
יִפְחֲדוּ,יפחדו
אוֹיְבֵיהֶם,אויביהם
תַעֲרֹץ,תערוץ
"מִפְּנֵיהֶם""","מפניהם"""
"תִּירָאוּם""","תיראום"""
יָסוּר,יסור
מִלְּבָבֵנוּ,מלבבנו
הָרָע,הרע
שֶׁעָשָׁה,שעשה
"תִּשְׁכָּח""","תשכח"""
שֶׁאָנוּ,שאנו
מֻזְהָרִין,מוזהרין
בִּרְכַת,ברכת
הַשֵּׁם,השם
"""אֱלֹהִים","""אלוהים"
"תְקַלֵּל""","תקלל"""
וְנֶאֱמָר,ונאמר
בָּעֹנֶשׁ,בעונש
"""וְנֹקֵב","""ונוקב"
"יוּמָת""","יומת"""
הַכְּלָל,הכלל
שֶׁעָנַשׁ,שענש
מִיתַת,מיתת
הֲרֵי,הרי
חוּץ,חוץ
מִמִּילָה,ממילה
וּפֶסַח,ופסח
בְּכָרֵת,בכרת
וְהֶן,והן
לַעֲבֹר,לעבור
שְׁבוּעַת,שבועת
בִּטּוּי,ביטוי
תִשָּׁבְעוּ,תישבעו
בִשְׁמִי,בשמי
"לַשָּׁקֶר""","לשקר"""
לַשָּׁוְא,לשוא
תִשָּׂא,תישא
"לַשָּׁוְא""","לשוא"""
לְחַלַּל,לחלל
תְחַלְּלוּ,תחללו
"קָדְשִׁי""","קודשי"""
לְנַסּוֹת,לנסות
תְנַסּוּ,תנסו
כְּנָסִיּוֹת,כנסייות
וּבָתֵּי,ובתי
מוֹחֲקִין,מוחקין
הַשֵּׁמוֹת,השמות
הַמְּקֻדָּשִׁין,המקודשין
מְאַבְּדִין,מאבדין
וַאֲשֵׁרֵיהֶם,ואשריהם
"תִּשְׂרְפוּן""","תשרפון"""
כֵּן,כן
יָלִין,ילין
הַצָּלוּב,הצלוב
הָעֵץ,העץ
תָלִין,תלין
נִבְלָתוֹ,נבלתו
"הָעֵץ""","העץ"""
לְהַשְׁבִּית,להשבית
שְׁמִירָה,שמירה
סָבִיב,סביב
לַמִּקְדָּשׁ,למקדש
יִכָּנֵס,ייכנס
לַהֵיכָל,להיכל
עֵת,עת
"""וְאַל","""ואל"
בְכָל,בכל
מוּם,מום
וְלִפְנִים,ולפנים
הַפָּרֹכֶת,הפרוכת
"יָבֹא""","יבוא"""
יַעֲבֹד,יעבוד
בוֹ,בו
"יִקְרַב""","יקרב"""
עוֹבֵר,עובר
"יִקְרָב""","יקרב"""
יִתְעַסְּקוּ,יתעסקו
בַּעֲבוֹדַת,בעבודת
כְּלֵי,כלי
וְאֶל,ואל
יִקְרָבוּ,יקרבו
גַם,גם
הֵם,הם
"אַתֶּם""","אתם"""
יוֹרֶה,יורה
שְׁתוּי,שתוי
יַיִן,יין
"""יַיִן","""יין"
וְשֵׁכָר,ושיכר
אַל,אל
תֵּשְׁתְּ,תשת
בְּבֹאֲכֶם,בבואכם
וּלְהוֹרֹת,ולהורות
הַזָּר,הזר
"""וְזָר","""וזר"
יִקְרַב,יקרב
"אֲלֵיכֶם""","אליכם"""
"""וְיִנָּזְרוּ","""ויינזרו"
מִקָּדְשֵׁי,מקודשי
בְנֵי,בני
טְבוּל,טבול
שֶׁיַּעְרִיב,שיעריב
שִׁמְשׁוֹ,שמשו
יְחַלְּלוּ,יחללו
"אֱלֹהֵיהֶם""","אלוהיהם"""
לָעֲזָרָה,לעזרה
יְטַמְּאוּ,יטמאו
"מַחֲנֵיהֶם""","מחניהם"""
מַחֲנֵה,מחנה
לְמַחֲנֵה,למחנה
לְוִיָּה,לוייה
שֶׁכְּנֶגְדּוֹ,שכנגדו
הַר,הר
תּוֹךְ,תוך
"הַמַּחֲנֶה""","המחנה"""
מִזְבֵּחַ,מזבח
גָּזִית,גזית
תִבְנֶה,תבנה
אֶתְהֶן,אתהן
"גָּזִית""","גזית"""
לִפְסֹעַ,לפסוע
תַעֲלֶה,תעלה
בְמַעֲלֹת,במעלות
"מִזְבְּחִי""","מזבחי"""
לְכַבּוֹת,לכבות
"תִכְבֶּה""","תכבה"""
וּלְהַקְרִיב,ולהקריב
הַזָּהָב,הזהב
תַעֲלוּ,תעלו
"זָרָה""","זרה"""
בְּמַתְכֹּנֶת,במתכונת
שֶׁמֶן,שמן
"""וּבְמַתְכֻּנְתּוֹ","""ובמתכונתו"
"תַעֲשׂוּ""","תעשו"""
לָסוּךְ,לסוך
זָר,זר
"יִיסָךְ""","ייסך"""
הַקְּטֹרֶת,הקטורת
"""וּבְמַתְכֻּנְתָּהּ","""ובמתכונתה"
לְהוֹצִיא,להוציא
בַּדֵּי,בדי
יָסֻרוּ,יסורו
יִזַּח,ייזח
הַחֹשֶׁן,החושן
הָאֵפוֹד,האיפוד
"הָאֵפוֹד""","האיפוד"""
יִקָּרַע,ייקרע
הַמְּעִיל,המעיל
"""כְּפִי","""כפי"
תַחְרָא,תחרא
לּוֹ,לו
"יִקָּרֵעַ""","ייקרע"""
לְהַעֲלוֹת,להעלות
בַּחוּץ,בחוץ
"""הִשָּׁמֶר","""הישמר"
פֶּן,פן
תַּעֲלֶה,תעלה
"עֹלֹתֶיךָ""","עולותיך"""
יִשְׁחַט,ישחט
כֶשֶׂב,כשב
פֶּתַח,פתח
מוֹעֵד,מועד
הֱבִיאוֹ,הביאו
"וְנִכְרַת""","ונכרת"""
לְהַקְדִּישׁ,להקדיש
לַמִּזְבֵּחַ,למזבח
"""כֹּל","""כול"
"תַקְרִיבוּ""","תקריבו"""
אִסּוּר,איסור
הֶקְדֵּשׁוֹ,הקדשו
לְשֵׁם,לשם
תַקְרִיבוּ,תקריבו
אֵלֶּה,אלה
לִזְרֹק,לזרוק
דָּם,דם
לְגַבֵּי,לגבי
בְּבַעֲלֵי,בבעלי
זְרִיקַת,זריקת
אֵמוּרֵי,אימורי
"""וְאִשֶּׁה","""ואישה"
תִזְבַּח,תזבח
וָשֶׂה,ושה
"מוּם""","מום"""
מִיַּד,מיד
"""וּמִיַּד","""ומיד"
נֵכָר,נכר
בַּקֳּדָשִׁים,בקודשים
"בּוֹ""","בו"""
כְּלוֹמַר,כלומר
שְׂאוֹר,שאור
דְּבַשׁ,דבש
כָל,כל
שְׂאֹר,שאור
"תַקְטִירוּ""","תקטירו"""
תָּפֵל,תפל
תַשְׁבִּית,תשבית
מֶלַח,מלח
אֶתְנָן,אתנן
וּמְחִיר,ומחיר
אֶתְנַן,אתנן
זוֹנָה,זונה
"כֶּלֶב""","כלב"""
"""אֹתוֹ","""אותו"
תִשְׁחֲטוּ,תשחטו
זַיִת,זית
בְּמִנְחַת,במנחת
חוֹטֶא,חוטא
יָשִׂים,ישים
"שֶׁמֶן""","שמן"""
לְבוֹנָה,לבונה
"לְבֹנָה""","לבונה"""
סוֹטָה,סוטה
יִצֹק,ייצוק
לְהָמִיר,להמיר
יַחֲלִיפֶנּוּ,יחליפנו
יָמִיר,ימיר
טוֹב,טוב
"בְּרָע""","ברע"""
לְשַׁנּוֹת,לשנות
הַקֳּדָשִׁים,הקודשים
לְקָרְבָּן,לקרבן
בַּבְּכוֹר,בבכור
יַקְדִּישׁ,יקדיש
"אֹתוֹ""","אותו"""
יַקְדִישֶׁנּוּ,יקדישנו
טְהוֹרָה,טהורה
"תִפְדֶּה""","תפדה"""
לִמְכֹּר,למכור
"יִגָּאֵל""","ייגאל"""
שְׂדֵה,שדה
הַחֵרֶם,החרם
"יִמָּכֵר""","יימכר"""
יַבְדִּיל,יבדיל
בְּחַטַּאת,בחטאת
"""וּמָלַק","""ומלק"
רֹאשׁוֹ,ראשו
מִמּוּל,ממול
עָרְפּוֹ,עורפו
"יַבְדִּיל""","יבדיל"""
תַעֲבֹד,תעבוד
בִּבְכֹר,בבכור
"שׁוֹרֶךָ""","שורך"""
לִגְזֹז,לגזוז
תָגֹז,תגוז
"צֹאנֶךָ""","צאנך"""
יִשְׁחֹט,ישחוט
וְהֶחָמֵץ,והחמץ
קַיָּם,קיים
תִשְׁחַט,תשחט
"זִבְחִי""","זבחי"""
שֶׁיִּפָּסְלוּ,שייפסלו
בַּלִּינָה,בלינה
חֵלֶב,חלב
חַגִּי,חגי
"בֹּקֶר""","בוקר"""
לְהוֹתִיר,להותיר
תוֹתִירוּ,תותירו
מֵחֲגִיגַת,מחגיגת
אַרְבָּעָה,ארבעה
לְיוֹם,ליום
שֶׁבִּבְשַׂר,שבבשר
חֲגִיגַת,חגיגת
"""לַבֹּקֶר""","""לבוקר"""
שם,שם
לְבָקְרוֹ,לבוקרו
שְׁלִישִׁי,שלישי
לַשְּׁחִיטָה,לשחיטה
בֹּקֶר,בוקר
יַשְׁאִירוּ,ישאירו
הַתּוֹדָה,התודה
הַדִּין,הדין
לִשְׁאָר,לשאר
מַנִּיחִין,מניחין
לְאַחַר,לאחר
אֲכִילָתָן,אכילתן
לִשְׁבֹּר,לשבור
עֶצֶם,עצם
בַּפֶּסַח,בפסח
"""וְעֶצֶם","""ועצם"
תִשְׁבְּרוּ,תשברו
"בוֹ""","בו"""
בְּפֶסַח,בפסח
יִשְׁבְּרוּ,ישברו
הַחֲבוּרָה,החבורה
תוֹצִיא,תוציא
"הַבַּיִת""","הבית"""
תֵאָפֶה,תיאפה
"חָמֵץ""","חמץ"""
נָא,נא
וּמְבֻשָּׁל,ומבושל
וּבָשֵׁל,ובשל
"מְבֻשָּׁל""","מבושל"""
לְהַאֲכִיל,להאכיל
לְגֵר,לגר
תּוֹשָׁב,תושב
"""תּוֹשָׁב","""תושב"
וְשָׂכִיר,ושכיר
הֶעָרֵל,הערל
עָרֵל,ערל
שֶׁנִּשְׁתַּמַּד,שנשתמד
שֶׁנִּלְוָה,שנלווה
וְעָבַד,ועבד
כְּמוֹתָם,כמותם
"""וְהַנֶּפֶשׁ","""והנפש"
תֹּאכַל,תאכל
בָּשָׂר,בשר
מִזֶּבַח,מזבח
וְטֻמְאָתוֹ,וטומאתו
"וְנִכְרְתָה""","ונכרתה"""
שֶׁנִּטְמְאוּ,שנטמאו
"""וְאֹכְלָיו","""ואוכליו"
עֲוֺנוֹ,עוונו
וְנִכְרְתָה,ונכרתה
הַנֶּפֶשׁ,הנפש
הַהִיא,ההיא
"מֵעַמֶּיהָ""","מעמיה"""
פִּגּוּל,פיגול
"""הַמַּקְרִיב","""המקריב"
יֵחָשֵׁב,ייחשב
וְהַנֶּפֶשׁ,והנפש
הָאֹכֶלֶת,האוכלת
עֲוֺנָהּ,עוונה
"תִּשָּׂא""","תישא"""
תְּרוּמוֹת,תרומות
אַפִלּוּ,אפילו
תּוֹשַׁב,תושב
וּשְׂכִירוֹ,ושכירו
"""תּוֹשַׁב","""תושב"
כֹּהֵן,כוהן
וְדָבָר,ודבר
לִמְּדוֹ,לימדו
בִּגְזֵרָה,בגזירה
שׁוֹוָה,שווה
בַּפֵּרוּשׁ,בפירוש
וּמִפִּי,ומפי
שֶׁאִסּוּר,שאיסור
מִגּוּפֵי,מגופי
מִדִּבְרֵי,מדברי
סוֹפְרִים,סופרים
מִזַּרְעֲךָ,מזרעך
"יֹאכַל""","יאכל"""
תֹאכַל,תאכל
חֲלָלָה,חללה
חָזֶה,חזה
וְשׁוֹק,ושוק
"""וּבַת","""ובת"
לְאִישׁ,לאיש
בִּתְרוּמַת,בתרומת
"תֹאכֵל""","תאכל"""
תֵאָכֵל,תיאכל
כָּלִיל,כליל
"תֵאָכֵל""","תיאכל"""
חַטָּאוֹת,חטאות
הַנַּעֲשׂוֹת,הנעשות
בִּפְנִים,בפנים
יוּבָא,יובא
מִדָּמָהּ,מדמה
פְּסוּלֵי,פסולי
שֶׁהֻטָּל,שהוטל
בְּכַוָּנָה,בכוונה
"תּוֹעֵבָה""","תועבה"""
לָמַדְנוּ,למדנו
שֶׁבִּפְסוּלֵי,שבפסולי
לִירוּשָׁלַיִם,לירושלים
תוּכַל,תוכל
בִּשְׁעָרֶיךָ,בשעריך
"דְּגָנְךָ""","דגנך"""
"""תִּירֹשְׁךָ""","""תירושך"""
"""וְיִצְהָרֶךָ""","""ויצהרך"""
"וּבְכֹרֹת""","ובכורות"""
בְּקָרְךָ,בקרך
"וְצֹאנֶךָ""","וצאנך"""
בָא,בא
לֶאֱסֹר,לאסור
וַאֲשָׁמוֹת,ואשמות
שֶׁיֵּאָכֵל,שייאכל
לִמְקוֹם,למקום
אֲכִילָתוֹ,אכילתו
"בִּשְׁעָרֶיךָ""","בשעריך"""
אֶקְרָא,אקרא
"תִּדֹּר""","תידור"""
נְדָרֶיךָ,נדריך
תִּדֹּר,תידור
מוֹעֵל,מועל
יֵהָנֶה,ייהנה
הָאֲסוּרִים,האסורים
נִהְנָה,נהנה
מָעַל,מעל
קַלִּים,קלים
"וְנִדְבֹתֶיךָ""","ונדבותיך"""
נִדְבוֹתֶיךָ,נדבותיך
שֶׁיִּזָּרֵק,שייזרק
דָּמָם,דמם
קָדְשֵׁי,קודשי
"הֵם""","הם"""
הַנָּחָה,הנחה
בָּעֲזָרָה,בעזרה
וּתְרוּמַת,ותרומת
בְּטֻמְאָה,בטומאה
שֶׁיִּפָּדֶה,שייפדה
בִעַרְתִּי,ביערתי
"בְּטָמֵא""","בטמא"""
בַּאֲנִינוּת,באנינות
אָכַלְתִּי,אכלתי
בְאֹנִי,באוני
דְּמֵי,דמי
אֲכִילָה,אכילה
וּשְׁתִיָּה,ושתייה
נָתַתִּי,נתתי
"לְמֵת""","למת"""
לְצָרְכֵּי,לצורכי
הַגּוּף,הגוף
הַחַי,החי
"""נָתַתִּי","""נתתי"
טֶבֶל,טבל
וְהַטֶּבֶל,והטבל
שֶׁגִּדּוּלָיו,שגידוליו
הַחַיָּב,החייב
בִּתְרוּמוֹת,בתרומות
וּמַעַשְׂרוֹת,ומעשרות
הוֹצִיאוּ,הוציאו
תְּרוּמַת,תרומת
יָרִימוּ,ירימו
עֲתִידִין,עתידין
אוֹתָם,אותם
חֹל,חול
וְיֹאכְלוּ,ויאכלו
בְּטִבְלָם,בטבלם
לְהַקְדִּים,להקדים
לַבִּכּוּרִים,לביכורים
לַתְּרוּמָה,לתרומה
מוֹצִיאִין,מוציאין
הַסֵּדֶר,הסדר
"""מְלֵאָתְךָ","""מלאתך"
וְדִמְעֲךָ,ודמעך
"תְאַחֵר""","תאחר"""
תְאַחַר,תאחר
הָרָאוּי,הראוי
לְהַקְדִּימוֹ,להקדימו
הַנְּדָרִים,הנדרים
וְהַנְּדָבוֹת,והנדבות
שֶׁנָּדַר,שנדר
וְשֶׁנָּדַב,ושנדב
תְאַחֵר,תאחר
"לְשַׁלְּמוֹ""","לשלמו"""
לֶחָג,לחג
יֵרָאוּ,ייראו
פָנַי,פניי
"רֵיקָם""","ריקם"""
שֶׁאָסַר,שאסר
נַפְשׁוֹ,נפשו
יַחֵל,יחל
"דְּבָרוֹ""","דברו"""
"""אִשָּׁה","""אישה"
זֹנָה,זונה
"יִקָּחוּ""","ייקחו"""
"""וַחֲלָלָה","""וחללה"
גְּרוּשָׁה,גרושה
"""וְאִשָּׁה","""ואישה"
מֵאִישָׁהּ,מאישה
אַלְמָנָה,אלמנה
"""אַלְמָנָה","""אלמנה"
וּגְרוּשָׁה,וגרושה
וַחֲלָלָה,וחללה
יִבְעֹל,יבעול
קִדּוּשִׁין,קידושין
שֶׁמְּחַלְּלָהּ,שמחללה
יְחַלֵּל,יחלל
"בְּעַמָּיו""","בעמיו"""
מֻזְהָר,מוזהר
כְּשֵׁרָה,כשרה
פְּרוּעַ,פרוע
"""רָאשֵׁיכֶם","""ראשיכם"
"תִּפְרָעוּ""","תפרעו"""
קְרוּעַ,קרוע
בְּגָדִים,בגדים
"""וּבִגְדֵיכֶם","""ובגדיכם"
"תִפְרֹמוּ""","תפרומו"""
יֵצֵא,ייצא
הָעֲזָרָה,העזרה
"""וּמִפֶּתַח","""ומפתח"
"תֵצְאוּ""","תצאו"""
יִטַּמֵּא,ייטמא
הִדְיוֹט,הדיוט
מֵתִים,מתים
"""לְנֶפֶשׁ","""לנפש"
יִטַּמָּא,ייטמא
לִקְרוֹבָיו,לקרוביו
"""לְאָבִיו","""לאביו"
וּלְאִמּוֹ,ולאימו
נַפְשֹׁת,נפשות
חַיָּב,חייב
בְּבַל,בבל
יָבוֹא,יבוא
וְחַיָּב,וחייב
לֵוִי,לוי
חֵלֶק,חלק
בָּאָרֶץ,בארץ
"""וְנַחֲלָה","""ונחלה"
"לּוֹ""","לו"""
בַּבִּזָּה,בביזה
כִּבּוּשׁ,כיבוש
לַכֹּהֲנִים,לכוהנים
"הַלְוִיִּם""","הלויים"""
קָרְחָה,קורחה
תָשִׂימוּ,תשימו
עֵינֵיכֶם,עיניכם
"לָמֵת""","למת"""
תֹאכְלוּ,תאכלו
מִמַּעֲלֵי,ממעלי
"הַגֵּרָה""","הגרה"""
דָּג,דג
"""וְשֶׁקֶץ","""ושקץ"
מִבְּשָׂרָם,מבשרם
"תֹאכֵלוּ""","תאכלו"""
עוֹף,עוף
"""וְאֶת","""ואת"
תְּשַׁקְּצוּ,תשקצו
"יֵאָכְלוּ""","ייאכלו"""
שֶׁרֶץ,שרץ
"יֵאָכֵלוּ""","ייאכלו"""
הַשֶּׁרֶץ,השרץ
הַשֹּׁרֵץ,השורץ
שֶׁקֶץ,שקץ
רֶמֶשׂ,רמש
תְטַמְּאוּ,תטמאו
נַפְשֹׁתֵיכֶם,נפשותיכם
הָרֹמֵשׂ,הרומש
הַפֵּרוֹת,הפירות
כְּשֶׁתֵּצֵא,כשתצא
לָאַוֵּיר,לאוויר
"""לְכָל","""לכל"
"תֹאכְלוּם""","תאכלום"""
הַמַּיִם,המים
"הַשֹּׁרֵץ""","השורץ"""
מֵתָה,מתה
"נְבֵלָה""","נבילה"""
טְרֵפָה,טריפה
"""וּבָשָׂר","""ובשר"
בַּשָּׂדֶה,בשדה
אֵבֶר,אבר
"הַבָּשָׂר""","הבשר"""
גִּיד,גיד
הַנָּשֶׁה,הנשה
"הַנָּשֶׁה""","הנשה"""
וְכֶשֶׂב,וכשב
וָעֵז,ועז
לְבַשַּׁל,לבשל
בְּחָלָב,בחלב
תְבַשֵּׁל,תבשל
גְּדִי,גדי
בַּחֲלֵב,בחלב
"אִמּוֹ""","אימו"""
פַּעַם,פעם
שְׁנִיָּה,שנייה
שֶׁאֶחָד,שאחד
לְאִסּוּר,לאיסור
בִּשּׁוּל,בישול
הַנִּסְקָל,הנסקל
יֵאָכֵל,ייאכל
פַּת,פת
תְּבוּאָה,תבואה
חֲדָשָׁה,חדשה
"""וְלֶחֶם","""ולחם"
"תֹאכְלוּ""","תאכלו"""
קָלִי,קלי
הֶחָדָשׁ,החדש
"""וְקָלִי","""וקלי"
כַּרְמֶל,כרמל
מִתְּבוּאָה,מתבואה
"""וְכַרְמֶל","""וכרמל"
עָרְלָה,עורלה
עֲרֵלִים,ערלים
כִּלְאֵי,כלאי
"""פֶּן","""פן"
תִּקְדַּשׁ,תקדש
הַמְלֵאָה,המלאה
הַזֶּרַע,הזרע
תִּזְרָע,תזרע
וּתְבוּאַת,ותבואת
"הַכָּרֶם""","הכרם"""
לִשְׁתּוֹת,לשתות
יֵין,יין
נֶסֶךְ,נסך
זְבָחֵימוֹ,זבחימו
יֹאכֵלוּ,יאכלו
יִשְׁתּוּ,ישתו
"נְסִיכָם""","נסיכם"""
וְלִשְׁתּוֹת,ולשתות
זוֹלֵל,זולל
וְסוֹבֵא,וסובא
"""בְּנֵנוּ","""בננו"
"וְסֹבֵא""","וסובא"""
"תְעֻנֶּה""","תעונה"""
תַּעֲרֹבֶת,תערובת
מַחְמֶצֶת,מחמצת
חֲצוֹת,חצות
"""שְׂאֹר","""שאור"
"בְּבָתֵּיכֶם""","בבתיכם"""
יִשְׁתֶּה,ישתה
שֶׁנִּתְעָרַב,שנתערב
וְטַעְמוֹ,וטעמו
כְּטַעַם,כטעם
מִשְׁרַת,משרת
"עֲנָבִים""","ענבים"""
הִחְמִיץ,החמיץ
הַיַּיִן,היין
"""חֹמֶץ","""חומץ"
וְחֹמֶץ,וחומץ
שֵׁכָר,שיכר
"יִשְׁתֶּה""","ישתה"""
עֲנָבִים,ענבים
לַחִים,לחים
"""וַעֲנָבִים","""וענבים"
"יֹאכֵל""","יאכל"""
יְבֵשִׁים,יבשים
"""וִיבֵשִׁים","""ויבשים"
חַרְצַנִּים,חרצנים
"""מֵחַרְצַנִּים","""מחרצנים"
זוֹגִים,זוגים
"""וְעַד","""ועד"
זָג,זג
לְמֵת,למת
"בְּמֹתָם""","במותם"""
בְּאֹהֶל,באוהל
נֶפֶשׁ,נפש
"""תַּעַר","""תער"
יַעֲבֹר,יעבור
לִקְצֹר,לקצור
הַשָּׂדֶה,השדה
תְכַלֶּה,תכלה
שָׂדְךָ,שדך
"בְּקֻצְרֶךָ""","בקוצרך"""
לִלְקֹט,ללקוט
הַשִּׁבֳּלִים,השיבולים
הַנּוֹפְלוֹת,הנופלות
קְצִירָה,קצירה
"""וְלֶקֶט","""ולקט"
קְצִירְךָ,קצירך
"תְלַקֵּט""","תלקט"""
לִבְצֹר,לבצור
עוֹלְלוֹת,עוללות
"""וְכַרְמְךָ","""וכרמך"
"תְעוֹלֵל""","תעולל"""
"""וּפֶרֶט","""ופרט"
כַּרְמְךָ,כרמך
לִקַּח,ליקח
תָשׁוּב,תשוב
"לְקַחְתּוֹ""","לקחתו"""
הָאִילָנוֹת,האילנות
שִׁכְחָה,שכחה
תְפַאֵר,תפאר
"אַחֲרֶיךָ""","אחריך"""
לִזְרֹעַ,לזרוע
זְרָעִים,זרעים
"""שָׂדְךָ","""שדך"
תִזְרַע,תזרע
"כִּלְאָיִם""","כלאיים"""
יָרָק,ירק
לְהַרְבִּיעַ,להרביע
מִין,מין
מִינוֹ,מינו
"""בְּהֶמְתְּךָ","""בהמתך"
תַרְבִּיעַ,תרביע
"כִּלְאַיִם""","כלאיים"""
מְלָאכָה,מלאכה
בִּשְׁנֵי,בשני
מִינֵי,מיני
תַחֲרֹשׁ,תחרוש
בְּשׁוֹר,בשור
וּבַחֲמֹר,ובחמור
"יַחְדָּו""","יחדיו"""
לַחֲסֹם,לחסום
בְּדָבָר,בדבר
שֶׁאוֹכֶלֶת,שאוכלת
וְנִהְנֵית,ונהנית
תַחְסֹם,תחסום
"בְּדִישׁוֹ""","בדישו"""
אֲדָמָה,אדמה
"תִזְרָע""","תזרע"""
"תִזְמֹר""","תזמור"""
סְפִיחֵי,ספיחי
כְּדֶרֶךְ,כדרך
שֶׁקּוֹצְרִין,שקוצרין
הַשָּׁנִים,השנים
סְפִיחַ,ספיח
"תִקְצוֹר""","תקצור"""
לֶאֱסֹף,לאסוף
פֵּרוֹת,פירות
הָאִילָן,האילן
שֶׁאוֹסְפִין,שאוספין
וְשָׁנָה,ושנה
עִנְּבֵי,עינבי
נְזִירֶךָ,נזיריך
"תִבְצֹר""","תבצור"""
"תִזְרָעוּ""","תזרעו"""
תִקְצְרוּ,תקצרו
"סְפִיחֶיהָ""","ספיחיה"""
כַּאֲסִיפַת,כאסיפת
תִבְצְרוּ,תבצרו
"נְזִרֶיהָ""","נזיריה"""
לִצְמִיתוּת,לצמיתות
"""וְהָאָרֶץ","""והארץ"
תִמָּכֵר,תימכר
"לִצְמִתֻת""","לצמיתות"""
מִגְרְשֵׁי,מגרשי
וּשְׂדוֹתֵיהֶם,ושדותיהם
"""וּשְׂדֵה","""ושדה"
מִגְרַשׁ,מגרש
עָרֵיהֶם,עריהם
יִשְׁתַּנֶּה,ישתנה
"הַלֵּוִי""","הלוי"""
נוֹתְנִין,נותנין
מַתְּנוֹתֵיהֶם,מתנותיהם
וּמְשַׂמְּחִין,ומשמחין
וְרֶגֶל,ורגל
יִתְבַּע,יתבע
הַלְוָאָה,הלוואה
שֶׁעָבְרָה,שעברה
יִגֹּשׂ,ייגוש
"אָחִיו""","אחיו"""
יִמָּנַע,יימנע
מִלְּהַלְווֹת,מלהלוות
הַשְּׁמִטָּה,השמיטה
דָבָר,דבר
הִשָּׁמֶר,הישמר
לְהִמָּנַע,להימנע
מִלְּהַחֲיוֹת,מלהחיות
וּמִלִּתֵּן,ומליתן
תְאַמֵּץ,תאמץ
לְבָבְךָ,לבבך
הַנּוֹתֵן,הנותן
עוֹשֶׂה,עושה
וְהַמַּעֲלִים,והמעלים
עֵינָיו,עיניו
הַצְּדָקָה,הצדקה
שֶׁבִּטַּל,שביטל
עָבַר,עבר
רֵיקָם,ריקם
כְּשֶׁיֵּצֵא,כשייצא
חָפְשִׁי,חופשי
תְשַׁלְּחֶנּוּ,תשלחנו
הֶעָנִי,העני
בְּחוֹבוֹ,בחובו
כְּשֶׁיֵּדַע,כשיידע
יֵצַר,יצר
"כְּנֹשֶׁה""","כנושה"""
כַּסְפְּךָ,כספך
בְּנֶשֶׁךְ,בנשך
"וּבְמַרְבִּית""","ובמרבית"""
לִלְווֹת,ללוות
תַשִּׁיךְ,תשיך
לַלּוֹוֶה,ללווה
יִנָּשֵׁךְ,יינשך
לַמַּלְוֶה,למלווה
לְהָשִׁית,להשית
לוֹוֶה,לווה
וּמַלְוֶה,ומלווה
עַרָּב,ערב
שְׁטָר,שטר
תְשִׂימוּן,תשימון
"נֶשֶׁךְ""","נשך"""
פְּעֻלַּת,פעולת
"שָׂכִיר""","שכיר"""
יְמַשְׁכַּן,ימשכן
חוֹב,חוב
בִּזְרוֹעַ,בזרוע
לַעֲבֹט,לעבוט
"עֲבֹטוֹ""","עבוטו"""
לִמְנֹעַ,למנוע
הָעֲבוֹט,העבוט
מִבְּעָלָיו,מבעליו
בְּעֵת,בעת
תִשְׁכַּב,תשכב
"בַּעֲבֹטוֹ""","בעבוטו"""
וַעֲבוֹטוֹ,ועבוטו
עִמָּךְ,עימך
תְּשִׁיבֶנּוּ,תשיבנו
לְמַשְׁכַּן,למשכן
הָאַלְמָנָה,האלמנה
תַחֲבֹל,תחבול
"אַלְמָנָה""","אלמנה"""
לַחְבֹּל,לחבול
כֵּלִים,כלים
שֶׁעוֹשִׂין,שעושין
אֹכֶל,אוכל
יַחֲבֹל,יחבול
רֵחַיִם,ריחיים
"וָרָכֶב""","ורכב"""
לִגְנֹב,לגנוב
"תִגְנֹב""","תגנוב"""
גּוֹנֵב,גונב
"תִּגְנֹבוּ""","תגנובו"""
גְּנֵבַת,גניבת
לִגְזֹל,לגזול
"תִגְזֹל""","תגזול"""
לְהַסִּיג,להסיג
גְּבוּלוֹת,גבולות
תַסִּיג,תסיג
"רֵעֲךָ""","ריעך"""
לַעֲשֹׁק,לעשוק
תַעֲשֹׁק,תעשוק
לְכַחַשׁ,לכחש
"תְכַחֲשׁוּ""","תכחשו"""
רמט,רמט
כְּפִירַת,כפירת
מְמוֹן,ממון
"תְשַׁקְּרוּ""","תשקרו"""
תִשָּׁבַע,תישבע
שֶׁקֶר,שקר
בְּמָמוֹן,בממון
לַחֲבֵרָךְ,לחברך
בְּיָדָךְ,בידך
רנ,רנ
יוֹנֶה,יונה
בְּמֶקָּח,במקח
תּוֹנוּ,תונו
רנא,רנא
תוֹנוּ,תונו
עֲמִיתוֹ,עמיתו
וְיָרֵאתָ,ויראת
"מֵאֱלֹהֶיךָ""","מאלוהיך"""
אוֹנָאַת,אונאת
רנב,רנב
לְהוֹנוֹת,להונות
"""וְגֵר","""וגר"
"תוֹנֶה""","תונה"""
רנג,רנג
"תִלְחָצֶנּוּ""","תלחצנו"""
רנד,רנד
לְהַחְזִיר,להחזיר
שֶׁבָּרַח,שברח
לְאֶרֶץ,לארץ
לַאֲדוֹנָיו,לאדוניו
שֶׁבְּחוּצָה,שבחוצה
תַסְגִּיר,תסגיר
"אֲדֹנָיו""","אדוניו"""
רנה,רנה
"""עִמְּךָ","""עימך"
יֵשֵׁב,יישב
בְּקִרְבְּךָ,בקרבך
בַּטּוֹב,בטוב
"תּוֹנֶנּוּ""","תוננו"""
רנו,רנו
לְעַנּוֹת,לענות
יָתוֹם,יתום
וְאַלְמָנָה,ואלמנה
וְיָתוֹם,ויתום
"תְעַנּוּן""","תענון"""
רנז,רנז
עֲבֹדַת,עבודת
"עָבֶד""","עבד"""
רנח,רנח
מִמְכֶּרֶת,ממכרת
עֲבָדִים,עבדים
יִמָּכְרוּ,יימכרו
רנט,רנט
בְּפֶרֶךְ,בפרך
תִרְדֶּה,תרדה
"בְּפָרֶךְ""","בפרך"""
רס,רס
הַגּוֹי,הגוי
הַנִּמְכָּר,הנמכר
יִרְדֶּנּוּ,ירדנו
"לְעֵינֶיךָ""","לעיניך"""
רסא,רסא
לְאַחֵר,לאחר
יִמְשֹׁל,ימשול
לְמָכְרָהּ,למוכרה
בְּבִגְדוֹ,בבגדו
"בָהּ""","בה"""
רסב,רסב
מֵאָמָה,מאמה
הַיְּעוּדָה,היעודה
שְׁאֵר,שאר
כְּסוּת,כסות
וְעוֹנָה,ועונה
"""שְׁאֵרָהּ","""שארה"
כְּסוּתָהּ,כסותה
וְעֹנָתָהּ,ועונתה
"יִגְרָע""","יגרע"""
הַנָּשִׁים,הנשים
רסג,רסג
יְפַת,יפת
"""וּמָכֹר","""ומכור"
תִמְכְּרֶנָּה,תמכרנה
"בַּכָּסֶף""","בכסף"""
רסד,רסד
לִכְבֹּשׁ,לכבוש
שִׁפְחָה,שפחה
תִתְעַמֵּר,תתעמר
"בָּהּ""","בה"""
רסה,רסה
לַחְמֹד,לחמוד
רסו,רסו
לְהִתְאַוּוֹת,להתאוות
תִתְאַוֶּה,תתאווה
רסז,רסז
הַמְּחֻבָּר,המחובר
"""וְחֶרְמֵשׁ","""וחרמש"
"תָנִיף""","תניף"""
רסח,רסח
כְּנַפְשְׁךָ,כנפשך
שָׂבְעֶךָ,שובעך
כֶּלְיְךָ,כלייך
"תִתֵּן""","תיתן"""
רסט,רסט
יִתְעַלַּם,יתעלם
"לְהִתְעַלֵּם""","להתעלם"""
רע,רע
רוֹבֶצֶת,רובצת
מַשָּׂאָהּ,משאה
תִרְאֶה,תראה
"שֹׂנַאֲךָ""","שונאך"""
רעא,רעא
עָוֶל,עוול
בַּמִּדָּה,במידה
בַּמִּשְׁפָּט,במשפט
"בַּמִּדָּה""","במידה"""
שֶׁהַכָּתוּב,שהכתוב
מַזְהִיר,מזהיר
בְּמִשְׁפָּט,במשפט
הַמִּדָּה,המידה
רעב,רעב
אֶצְלֵנוּ,אצלנו
אֵיפָה,איפה
וְאֵיפָה,ואיפה
וְאֶבֶן,ואבן
בְּבֵיתְךָ,בביתך
"וְאֵיפָה""","ואיפה"""
רעג,רעג
לְעַוַּל,לעוול
"בַּמִּשְׁפָּט""","במשפט"""
רעד,רעד
שֹׁחַד,שוחד
"""וְשֹׁחַד","""ושוחד"
"תִקָּח""","תיקח"""
רעה,רעה
תֶהְדַּר,תהדר
פְּנֵי,פני
"גָדוֹל""","גדול"""
רעו,רעו
יִירָא,יירא
הַדַּיָּן,הדיין
מֵאָדָם,מאדם
תָגוּרוּ,תגורו
רעז,רעז
לְרַחַם,לרחם
"""וְדָל","""ודל"
"בְּרִיבוֹ""","בריבו"""
רעח,רעח
לְהַטּוֹת,להטות
מִשְׁפַּט,משפט
תַטֶּה,תטה
"אֶבְיֹנְךָ""","אביונך"""
אֶבְיוֹן,אביון
בַּמִּצְווֹת,במצוות
רעט,רעט
הַמַּזִּיק,המזיק
קְנָסוֹת,קנסות
"עֵינֶךָ""","עינך"""
רפ,רפ
גֵּרִים,גרים
וִיתוֹמִים,ויתומים
"יָתוֹם""","יתום"""
רפא,רפא
מֵאֶחָד,מאחד
מִבַּעֲלֵי,מבעלי
עִמּוֹ,עימו
שֵׁמַע,שמע
"שָׁוְא""","שוא"""
רפב,רפב
נְפָשׁוֹת,נפשות
הַמְּחַיְּבִין,המחייבין
הַמְּזַכִּין,המזכין
"לְרָעֹת""","לרעות"""
רפג,רפג
שֶׁלִּמַּד,שלימד
תַעֲנֶה,תענה
רִב,ריב
"לִנְטֹת""","לנטות"""
רפד,רפד
בַּדַּיָּנִין,בדיינין
חָכָם,חכם
בְּחָכְמוֹת,בחכמות
תַכִּירוּ,תכירו
פָנִים,פנים
רפה,רפה
בְרֵעֲךָ,בריעך
"שָׁקֶר""","שקר"""
רפו,רפו
יָעִיד,יעיד
עֲבֵרָה,עבירה
תָּשֶׁת,תשת
יָדְךָ,ידך
רָשָׁע,רשע
לִהְיֹת,להיות
"חָמָס""","חמס"""
רפז,רפז
קָרוֹב,קרוב
יוּמְתוּ,יומתו
אָבוֹת,אבות
"בָּנִים""","בנים"""
בְּעֵדוּת,בעדות
בָּנִים,בנים
הַקְּרוֹבִים,הקרובים
רפח,רפח
יָקוּם,יקום
"בְּאִישׁ""","באיש"""
רפט,רפט
נָקִי,נקי
"תִרְצָח""","תרצח"""
רצ,רצ
לַחְתֹּךְ,לחתוך
בְּאֹמֶד,באומד
הַדַּעַת,הדעת
שֶׁיִּרְאוּ,שיראו
עֵדִים,עדים
"""וְנָקִי","""ונקי"
וְצַדִּיק,וצדיק
"תַּהֲרֹג""","תהרוג"""
רצא,רצא
הָעֵד,העד
שֶׁהֵעִיד,שהעיד
"""וְעֵד","""ועד"
יַעֲנֶה,יענה
"בְנֶפֶשׁ""","בנפש"""
רצב,רצב
מְחֻיָּב,מחוייב
הֲרִיגָה,הריגה
שֶׁיַּעֲמֹד,שיעמוד
הָרֹצֵחַ,הרוצח
עָמְדוֹ,עומדו
"הָעֵדָה""","העדה"""
רצג,רצג
לָחוּס,לחוס
שֶׁיַּגִּיעַ,שיגיע
לַנִּרְדָּף,לנרדף
וְיַהַרְגֶנּוּ,ויהרגנו
יְגַלֶּה,יגלה
עֶרְוָתוֹ,ערוותו
כַּפָּהּ,כפה
רצד,רצד
לַעֲנֹשׁ,לענוש
הָאָנוּס,האנוס
"דָבָר""","דבר"""
רצה,רצה
כֹּפֶר,כופר
הָרוֹצֵחַ,הרוצח
תִקְחוּ,תקחו
כֹפֶר,כופר
לְנֶפֶשׁ,לנפש
"רֹצֵחַ""","רוצח"""
רצו,רצו
בְּגָלוּת,בגלות
לָנוּס,לנוס
"מִקְלָטוֹ""","מקלטו"""
רצז,רצז
לַעֲמֹד,לעמוד
הַדָּם,הדם
תַעֲמֹד,תעמוד
רצח,רצח
מִכְשׁוֹל,מכשול
תָשִׂים,תשים
"בְּבֵיתֶךָ""","בביתך"""
רצט,רצט
לְהַכְשִׁיל,להכשיל
תָּם,תם
"""וְלִפְנֵי","""ולפני"
עִוֵּר,עיוור
"מִכְשֹׁל""","מכשול"""
ש,ש
בְּמַלְקוּת,במלקות
הַמְּחֻיָּב,המחוייב
מַלְקוּת,מלקות
יֹסִיף,יוסיף
"יֹסִיף""","יוסיף"""
שא,שא
לְרַגַּל,לרגל
תֵלֵךְ,תלך
רָכִיל,רכיל
"בְּעַמֶּיךָ""","בעמיך"""
שב,שב
לִשְׂנֹא,לשנוא
בַּלֵּב,בלב
תִשְׂנָא,תשנא
אָחִיךָ,אחיך
"בִּלְבָבֶךָ""","בלבבך"""
שג,שג
לְהַלְבִּין,להלבין
עֲמִיתֶךָ,עמיתך
"חֵטְא""","חטא"""
שד,שד
לִנְקֹם,לנקום
"תִקֹּם""","תיקום"""
שה,שה
לִנְטֹר,לנטור
"תִטֹּר""","תיטור"""
שו,שו
אֵם,אם
תִקַּח,תיקח
"הַבָּנִים""","הבנים"""
שז,שז
הַנֶּתֶק,הנתק
"יְגַלֵּחַ""","יגלח"""
שח,שח
לִתְלֹשׁ,לתלוש
סִימָנֵי,סימני
בְּנֶגַע,בנגע
"הַצָּרַעַת""","הצרעת"""
שט,שט
וְלִזְרֹעַ,ולזרוע
בְּנַחַל,בנחל
אֵיתָן,איתן
יֵעָבֵד,ייעבד
"יִזָּרֵעַ""","ייזרע"""
שי,שי
יִתְחַיַּב,יתחייב
מִצָּרְכֵּי,מצורכי
שְׁנָתוֹ,שנתו
כְּגוֹן,כגון
צָבָא,צבא
וּשְׁמִירַת,ושמירת
הַחוֹמָה,החומה
בַּצָּבָא,בצבא
"דָּבָר""","דבר"""
שיא,שיא
מְכַשֵּׁף,מכשף
"""מְכַשֵּׁפָה","""מכשפה"
"תְחַיֶּה""","תחייה"""
שיב,שיב
לְהַמְרוֹת,להמרות
"הַדָּבָר""","הדבר"""
שיג,שיג
בְּפֵרוּשָׁהּ,בפירושה
תֹסֵף,תוסף
שיד,שיד
לִגְרֹעַ,לגרוע
תִגְרַע,תגרע
שטו,שטו
לְקַלַּל,לקלל
שטז,שטז
הַנָּשִׂיא,הנשיא
יְשִׁיבַת,ישיבת
"""וְנָשִׂיא","""ונשיא"
בְעַמְּךָ,בעמך
"תָאֹר""","תאור"""
שיז,שיז
תְקַלֵּל,תקלל
"חֵרֵשׁ""","חירש"""
שיח,שיח
"""וּמְקַלֵּל","""ומקלל"
וְאִמּוֹ,ואימו
שיט,שיט
לְהַכּוֹת,להכות
"""וּמַכֵּה","""ומכה"
שכ,שכ
"מְלָאכָה""","מלאכה"""
שכא,שכא
לְהַלַּךְ,להלך
לִתְחוּם,לתחום
כְּהוֹלְכֵי,כהולכי
דְּרָכִים,דרכים
"מִמְּקֹמוֹ""","ממקומו"""
שכב,שכב
תְבַעֲרוּ,תבערו
בְּכֹל,בכול
"מֹשְׁבֹתֵיכֶם""","מושבותיכם"""
שכג,שכג
יֵעָשֶׂה,ייעשה
"בָהֶם""","בהם"""
שכד,שכד
שכה,שכה
הַשָּׁבוּעוֹת,השבועות
עֲבֹדָה,עבודה
שכו,שכו
שכז,שכז
הַכִּפּוּרִים,הכיפורים
שכח,שכח
שכט,שכט
של,של
לְגַלּוֹת,לגלות
עֶרְוַת,ערוות
"""אִמְּךָ","""אימך"
תְגַלֶּה,תגלה
"עֶרְוָתָהּ""","ערוותה"""
שלא,שלא
"""עֶרְוַת","""ערוות"
"תְגַלֵּה""","תגלה"""
שלב,שלב
אָחוֹת,אחות
אֲחוֹתְךָ,אחותך
"תְגַלֶּה""","תגלה"""
שלג,שלג
הָאָב,האב
שלד,שלד
"בִּנְךָ""","בנך"""
שלה,שלה
הַבַּת,הבת
"""אוֹ","""או"
בַת,בת
בִּתְּךָ,בתך
"עֶרְוָתָן""","ערוותן"""
שלו,שלו
נִתְפָּרְשָׁה,נתפרשה
שָׁתַק,שתק
עֲרָיוֹת,עריות
שלז,שלז
וּבִתָּהּ,ובתה
שלח,שלח
וּבַת,ובת
בְּנָהּ,בנה
"בְּנָהּ""","בנה"""
שלט,שלט
בִּתָּהּ,בתה
"תִקַּח""","תיקח"""
שמ,שמ
אֲחוֹת,אחות
שמא,שמא
אִמְּךָ,אימך
שמב,שמב
אֲחִי,אחי
"""אֶל","""אל"
תִקְרָב,תקרב
דֹּדָתְךָ,דודתך
"הִיא""","היא"""
שמג,שמג
כַּלָּתְךָ,כלתך
שמד,שמד
שמה,שמה
אֲחֹתָהּ,אחותה
שמו,שמו
בְּנִדַּת,בנידת
טֻמְאָתָהּ,טומאתה
"תִקְרַב""","תקרב"""
שמז,שמז
עֲמִיתְךָ,עמיתך
"שְׁכָבְתְּךָ""","שכובתך"""
שמח,שמח
לִשְׁכַּב,לשכב
"""וּבְכָל","""ובכל"
שמט,שמט
בְהֵמָה,בהמה
"לְרִבְעָהּ""","לרבעה"""
שנ,שנ
זָכָר,זכר
"תִשְׁכַּב""","תשכב"""
שנא,שנא
שנב,שנב
שנג,שנג
לִקָּרֵב,ליקרב
לָעֲרָיוֹת,לעריות
הַמְּבִיאִים,המביאים
לִידֵי,לידי
גִּלּוּי,גילוי
עֶרְוָה,ערווה
חִבּוּק,חיבוק
וְנִשּׁוּק,ונישוק
וּרְמִיזָה,ורמיזה
וּקְפִיצָה,וקפיצה
בְּשָׂרוֹ,בשרו
תִקְרְבוּ,תקרבו
"עֶרְוָה""","ערווה"""
לִקְרִיבָה,לקריבה
הַמְּבִיאָה,המביאה
שנד,שנד
מַמְזֵר,ממזר
בִּקְהַל,בקהל
"ה'""","ה'"""
שנה,שנה
קְדֵשָׁה,קדשה
הַנִּבְעֶלֶת,הנבעלת
כְּתֻבָּה,כתובה
וְקִדּוּשִׁין,וקידושין
"קְדֵשָׁה""","קדשה"""
שנו,שנו
יַחְזִיר,יחזיר
הַמְּגָרֵשׁ,המגרש
גְּרוּשָׁתוֹ,גרושתו
שֶׁנִּשֵּׂאת,שנישאת
יוּכַל,יוכל
בַּעְלָהּ,בעלה
שנז,שנז
תִנָּשֵׂא,תינשא
הַיְּבָמָה,היבמה
מִיְּבָמָהּ,מיבמה
"הַמֵּת""","המת"""
שנח,שנח
יְגָרַשׁ,יגרש
הָאוֹנֵס,האונס
שַׁלְּחָהּ,שלחה
"יָמָיו""","ימיו"""
שנט,שנט
לְשַׁלְּחָהּ,לשלחה
שס,שס
יִקָּח,ייקח
סָרִיס,סריס
פְצוּעַ,פצוע
"דַּכָּא""","דכא"""
שסא,שסא
לְסָרַס,לסרס
הַמִּינִים,המינים
חָיָה,חיה
"""וּבְאַרְצְכֶם","""ובארצכם"
שסב,שסב
מִקְּהַל,מקהל
"נָכְרִי""","נוכרי"""
שסג,שסג
יַרְבֶּה,ירבה
סוּסִים,סוסים
"סוּסִים""","סוסים"""
שסד,שסד
נָשִׁים,נשים
"נָשִׁים""","נשים"""
שסה,שסה
"""וְכֶסֶף","""וכסף"
"מְאֹד""","מאוד"""
שֶׁנֶּאְמְרוּ,שנאמרו
וּכְלָלוֹתֵיהֶן,וכללותיהן
וּפְרָטוֹתֵיהֶן,ופרטותיהן
וְדִקְדּוּקֵיהֶן,ודקדוקיהן
הַכְּלָלוֹת,הכללות
וְהַפְּרָטוֹת,והפרטות
וְהַדִּקְדּוּקִין,והדקדוקין
וְהַבֵּאוּרִין,והביאורין
מַתַּן,מתן
וְקָבְעוּ,וקבעו
נְבִיאִים,נביאים
מְגִלָּה,מגילה
וְנֵר,ונר
חֲנֻכָּה,חנוכה
וְתַעְנִית,ותענית
בְּאָב,באב
וְיָדַיִם,וידיים
וְעֵרוּבִין,ועירובין
מֵאֵלּוּ,מאלו
פֵּרוּשִׁין,פירושין
וְדִקְדּוּקִין,ודקדוקין
בְּחִבּוּר,בחיבור
אָנוּ,אנו
לְקַבְּלָם,לקבלם
וּלְשָׁמְרָם,ולשומרם
וְאֵינָם,ואינם
תּוֹסֶפֶת,תוספת
הִזְהִירָה,הזהירה
"תִגְרַע""","תגרע"""
רַשָּׁאי,רשאי
לְחַדַּשׁ,לחדש
וְלוֹמַר,ולומר
שֶׁהַקָּדוֹשׁ,שהקדוש
צִוָּהוּ,ציווהו
בְּמִצְוָה,במצוה
לְהוֹסִיפָהּ,להוסיפה
לְמִצְווֹת,למצוות
לְחַסַּר,לחסר
הַשֵּׁשׁ,השש
הוֹסִיפוּ,הוסיפו
הַזְּמָן,הזמן
תַּקָּנָה,תקנה
הוֹרָאָה,הוראה
שֶׁהֲרֵי,שהרי
אָמְרוּ,אמרו
עֵרוּב,עירוב
הַמְּגִלָּה,המגילה
בְּעוֹנָתָהּ,בעונתה
וְאִלּוּ,ואילו
מוֹסִיפִין,מוסיפין
שֶׁהַנְּבִיאִים,שהנביאים
תִּקְּנוּ,תיקנו
וְצִוּוּ,וציוו
לְהַזְכִּיר,להזכיר
שְׁבָחוֹ,שבחו
וּתְשׁוּעוֹת,ותשועות
לְשַׁוְעֵנוּ,לשווענו
לְבָרְכוֹ,לברכו
וּלְהַלְּלוֹ,ולהללו
וּכְדֵי,וכדי
הַבָּאִים,הבאים
שֶׁאֱמֶת,שאמת
שֶׁהִבְטִיחָנוּ,שהבטיחנו
"""וּמִי","""ומי"
גוֹי,גוי
קְרֹבִים,קרובים
לְאַרְבָּעָה,לארבעה
אֶכְלֹל,אכלול
עִיקַר,עיקר
דָּת,דת
וְצָרִיךְ,וצריך
תְּחִלַּת,תחילת
יֵחוּד,ייחוד
וְאִסּוּר,ואיסור
וְקָרָאתִי,וקראתי
הַמַּדָּע,המדע
תְּדִירוֹת,תדירות
שֶׁנִּצְטַוִּינוּ,שנצטווינו
הַמָּקוֹם,המקום
וּלְזָכְרוֹ,ולזוכרו
וּתְפִלָּה,ותפילה
וּתְפִלִּין,ותפילין
וּבְרָכוֹת,וברכות
וּמִילָה,ומילה
בִּכְלָלָן,בכללן
אוֹת,אות
בִּבְשָׂרֵנוּ,בבשרנו
אַהֲבָה,אהבה
בִּזְמַנִּים,בזמנים
יְדוּעִים,ידועים
וּמוֹעֲדוֹת,ומועדות
זְמַנִּים,זמנים
רְבִיעִי,רביעי
וְגֵרוּשִׁין,וגירושין
וְיִבּוּם,וייבום
וַחֲלִיצָה,וחליצה
חֲמִישִׁי,חמישי
אֲסוּרוֹת,אסורות
וּמִצְווֹת,ומצוות
שֶׁבִּשְׁנֵי,שבשני
עִנְיָנִים,עניינים
הָאֵלּוּ,האלו
קִדְּשָׁנוּ,קידשנו
וְהִבְדִּילָנוּ,והבדילנו
הָאֻמּוֹת,האומות
בָּעֲרָיוֹת,בעריות
וּבְמַאֲכָלוֹת,ובמאכלות
וּבִשְׁנֵיהֶם,ובשניהם
"""וָאַבְדִּל","""ואבדיל"
"הָעַמִּים""","העמים"""
הִבְדַּלְתִּי,הבדלתי
קְדֻשָּׁה,קדושה
שִׁשִּׁי,שישי
שֶׁיִּתְחַיַּב,שיתחייב
שְׁבוּעוֹת,שבועות
וּנְדָרִים,ונדרים
הַפְלָאָה,הפלאה
שְׁבִיעִי,שביעי
בְּזֶרַע,בזרע
שְׁמִטִּים,שמיטים
וְיוֹבֵלוֹת,ויובלות
וּתְרוּמוֹת,ותרומות
הַנִּגְלָלִים,הנגללים
עִמָּהֶן,עימהן
מֵעִנְיָנָם,מעניינם
בְּבִנְיַן,בבניין
מִקְדָּשׁ,מקדש
וְקָרְבְּנוֹת,וקרבנות
צִבּוּר,ציבור
הַתְּמִידִין,התמידין
תְּשִׁיעִי,תשיעי
בְּקָרְבְּנוֹת,בקרבנות
עֲשִׂירִי,עשירי
בִּטְהָרוֹת,בטהרות
וּטְמָאוֹת,וטמאות
טַהְרָה,טהרה
אַחַד,אחד
שֶׁבֵּין,שבין
לַחֲבֵרוֹ,לחברו
הֶזֵּק,היזק
בַּמָּמוֹן,בממון
נְזָקִים,נזקים
שְׁנֵים,שנים
מְכִירָה,מכירה
וּקְנִיָּה,וקנייה
קִנְיָן,קניין
בִּתְחִלָּתָן,בתחילתן
שׁוֹמְרִים,שומרים
וּבַעֲלֵי,ובעלי
חוֹבוֹת,חובות
וּטְעָנוֹת,וטענות
וּכְפִירוֹת,וכפירות
מְסוּרִין,מסורין
לַסַּנְהֶדְּרִין,לסנהדרין
מִיתוֹת,מיתות
וְקַבָּלַת,וקבלת
וְדִין,ודין
וּמִלְחֲמוֹתָיו,ומלחמותיו
חִלּוּק,חילוק
וְחִלּוּק,וחילוק
הִלְכּוֹתָיו,הלכותיו
סִדּוּרָן,סידורן
הִלְכּוֹת,הלכות
יְסוֹדֵי,יסודי
דֵּעוֹת,דעות
וְחֻקּוֹת,וחוקות
תְּשׁוּבָה,תשובה
עֶשֶׂר,עשר
וְאַרְבַּע,וארבע
פְּרָטָן,פרטן
יַעֲלֶה,יעלה
שֶׁנִּקְרָא,שנקרא
הַמְּדַבֵּר,המדבר
לְנַסּוֹתוֹ,לנסותו
וְשֵׁשׁ,ושש
לְהִדָּבֵק,להידבק
בְּיוֹדְעָיו,ביודעיו
רֵעִים,ריעים
הַגֵּרִים,הגרים
אַחִים,אחים
פָּנִים,פנים
אֲמֵלָלִין,אמיללין
לַהֲלֹךְ,להלוך
מְלַמְּדֶיהָ,מלמדיה
וְיוֹדְעֶיהָ,ויודעיה
וַחֲמִשִּׁים,וחמישים
וְתֵשַׁע,ותשע
הִרְהוּר,הרהור
לְגַדַּף,לגדף
יִשְׁתַּחֲוֶה,ישתחווה
אַחֲרֶיהָ,אחריה
לִבְנוֹתָהּ,לבנותה
מְמוֹנָהּ,ממונה
יָחִיד,יחיד
לְעָבְדָהּ,לעובדה
שִׂנְאָתוֹ,שנאתו
לְהַצִּילוֹ,להצילו
לְלַמַּד,ללמד
הַמִּתְנַבֵּא,המתנבא
לָגוּר,לגור
הַנַּעֲשֶׂה,הנעשה
בִּשְׁבִילָהּ,בשבילה
לְעוֹבְדֵי,לעובדי
וּבְמַלְבּוּשָׁם,ובמלבושם
לִדְרֹשׁ,לדרוש
שֶׁיָּשׁוּב,שישוב
מֵחֶטְאוֹ,מחטאו
וְיִתְוַדֶּה,ויתוודה
נִמְצְאוּ,נמצאו
הַנִּכְלָלוֹת,הנכללות
בְּסֵפֶר,בספר
וְשִׁבְעִים,ושבעים
וּבִרְכַת,וברכת
וּמְזוּזָה,ומזוזה
בְּרָכוֹת,ברכות
מִילָה,מילה
בִּתְפִלָּה,בתפילה
הָרֹאשׁ,הראש
לְקָשְׁרָם,לקושרם
בְּפִתְחֵי,בפתחי
הַשְּׁעָרִים,השערים
סִפְרֵי,ספרי
כַּנְפֵי,כנפי
הַכְּסוּת,הכסות
הַזְּכָרִים,הזכרים
עֵרוּבִין,עירובין
שְׁבִיתַת,שביתת
עָשׂוֹר,עשור
וּמַצָּה,ומצה
וְסֻכָּה,וסוכה
וְלוֹלָב,ולולב
שְׁקָלִים,שקלים
קִדּוּשׁ,קידוש
הַחֹדֶשׁ,החודש
תַּעְנִיּוֹת,תענייות
וַחֲנֻכָּה,וחנוכה
וְשָׁלוֹשׁ,ושלוש
לָצֵאת,לצאת
לַגְּבוּל,לגבול
בִּזְכִירָה,בזכירה
וְאֵינָהּ,ואינה
הַמִּנְיָן,המניין
אַרְבַּע,ארבע
מִמְּלָאכָה,ממלאכה
שְׁתֵּים,שתים
חַג,חג
שָׁלוֹשׁ,שלוש
וְחָמֵשׁ,וחמש
מֵחֲצוֹת,מחצות
וּלְמַעְלָה,ולמעלה
מֵאַרְבָּעָה,מארבעה
בְּלֵילֵי,בלילי
הַלַּיְלָה,הלילה
בְּתִשְׁרִי,בתשרי
הֶחָג,החג
לַחְשֹׁב,לחשוב
וְלֵידַע,ולידע
וְלִקְבֹּעַ,ולקבוע
בְּאֵיזֶה,באיזה
מֵחָדְשֵׁי,מחודשי
וְלִזְעֹק,ולזעוק
צָרָה,צרה
שֶׁתָּבוֹא,שתבוא
הַצִּבּוּר,הציבור
וּשְׁלוֹשִׁים,ושלושים
תְּשַׁע,תשע
אִישׁוּת,אישות
גֵּרוּשִׁין,גירושין
יִבּוּם,ייבום
נַעֲרָה,נערה
בִּכְתֻבָּה,בכתובה
תִבָּעֵל,תיבעל
יִמְנַע,ימנע
שֶׁיְּגָרַשׁ,שיגרש
מִשֶּׁנִּשֵּׂאת,משנישאת
וְאַחַת,ואחת
יְבָמָה,יבמה
שֶׁתָּסוּר,שתסור
הַיָּבָם,היבם
מֵעָלֶיהָ,מעליה
לִקְנֹס,לקנוס
הַמְּפַתֶּה,המפתה
שֶׁיִּשָּׂא,שיישא
שֶׁתֵּשֵׁב,שתשב
וּשְׁתַּיִם,ושתיים
כְּתוֹרַת,כתורת
הַקְּנָאוֹת,הקנאות
הַסְּדוּרָה,הסדורה
קָרְבָּנָהּ,קרבנה
שְׁבַע,שבע
תֵּשַׁע,תשע
וּשְׁמוֹנֶה,ושמונה
אִסּוּרֵי,איסורי
בִּיאָה,ביאה
מַאֲכָלוֹת,מאכלות
שְׁחִיטָה,שחיטה
לָבוֹא,לבוא
בַּגּוֹיִים,בגויים
אֲדוֹמִי,אדומי
נִשּׂוּאִין,נישואין
בְּנַעְרוּתָהּ,בנערותה
לְאַחַת,לאחת
הָעֲרָיוֹת,העריות
בָעַל,בעל
וְחַיָּה,וחיה
לְהַבְדִּיל,להבדיל
לִטְהוֹרָה,לטהורה
נְבֵלָה,נבילה
לְבַשְּׁלוֹ,לבשלו
לְקָחָהּ,לקחה
שִׁבְעִים,שבעים
נְזִירוּת,נזירות
עֲרָכִין,ערכין
וַחֲרָמִין,וחרמין
לַשֶּׁקֶר,לשקר
לִכְפֹּר,לכפור
בֶּאֱמֶת,באמת
שֶׁיִּשְׁמֹר,שישמור
מוֹצָא,מוצא
שְׂפָתָיו,שפתיו
וְיַעֲשֶׂה,ויעשה
דְּבָרוֹ,דברו
שֶׁיּוּפַר,שיופר
הַנֶּדֶר,הנדר
הַשְּׁבוּעָה,השבועה
הֲפֵר,הפר
הַמְּפֹרָשׁ,המפורש
שֶׁיְּגַדַּל,שיגדל
חֹמֶץ,חומץ
שֶׁלָּהֶן,שלהן
צִמּוּקִים,צימוקים
זוֹגִין,זוגין
לְאֹהֶל,לאוהל
לַמֵּתִים,למתים
שֶׁיְּגַלַּח,שיגלח
כְּשֶׁיַּשְׁלִים,כשישלים
נְזִירוּתוֹ,נזירותו
כְּשֶׁיִּטַּמֵּא,כשייטמא
בְּעֶרְכֵי,בערכי
עֶרְכֵי,ערכי
בָּתִּים,בתים
שָׂדוֹת,שדות
מַחְרִים,מחרים
נְכָסָיו,נכסיו
יִמָּכֵר,יימכר
יִגָּאֵל,ייגאל
כִּלְאַיִם,כלאיים
מַתְּנוֹת,מתנות
עֲנִיִּים,עניים
מַעַשְׂרוֹת,מעשרות
וְנֶטַע,ונטע
שֶׁבַּגְּבוּלִין,שבגבולין
שְׁמִטָּה,שמיטה
וְיוֹבֵל,ויובל
בְּכִלְאֵי,בכלאי
יִכְלֶה,יכלה
הַפֵּאָה,הפיאה
יְלַקַּט,ילקט
הַלֶּקֶט,הלקט
יְעוֹלֵל,יעולל
יָשׁוּב,ישוב
לָקַחַת,לקחת
לָעֲנִיִּים,לעניים
לִתֶּן,ליתן
כְּמִסַּת,כמיסת
יְאַמַּץ,יאמץ
לְבָבוֹ,לבבו
שְׁתַּיִם,שתיים
יַקְדִּים,יקדים
לְזֶה,לזה
יַפְרִישׁ,יפריש
שְׂכִירוֹ,שכירו
מוּרָם,מורם
מִשְּׁנֵי,משני
הַזְּרִיעָה,הזריעה
וְלִתְּנוֹ,וליתנו
דָּמָיו,דמיו
צָרְכֵּי,צורכי
מֵאֲכִילָה,מאכילה
וְסִיכָה,וסיכה
לְאָכְלוֹ,לאוכלו
תִּירוֹשׁ,תירוש
יִצְהָר,יצהר
כֻּלּוֹ,כולו
וְדִינוֹ,ודינו
כְּמַעֲשֵׂר,כמעשר
וּלְהַעֲלוֹתָן,ולהעלותן
זְרוֹעַ,זרוע
וּלְחָיַיִם,ולחיים
וְקֵבָה,וקיבה
וְלִתֵּן,וליתן
פִּדְיוֹנוֹ,פדיונו
רָצָה,רצה
לִפְדּוֹתוֹ,לפדותו
שֶׁתִּשְׁבֹּת,שתשבות
בְּשָׁנָה,בשנה
יִקְצֹר,יקצור
הַסָּפִיחַ,הספיח
כְּנֶגֶד,כנגד
הַקּוֹצְרִים,הקוצרים
יִבְצֹר,יבצור
הַנְּזִירִים,הנזירים
הַבּוֹצְרִים,הבוצרים
שֶׁיַּשְׁמִיט,שישמיט
שֶׁתּוֹצִיא,שתוציא
הַלְוָאָתוֹ,הלוואתו
יֹאבַד,יאבד
מְמוֹנוֹ,ממונו
הַחֲמִשִּׁים,החמישים
לְתִשְׁרִי,לתשרי
חָפְשִׁיִּים,חופשיים
תֵעָבֵד,תיעבד
סְפִיחֶיהָ,ספיחיה
נְזִירֶיהָ,נזיריה
אֲחֻזָּה,אחוזה
וּשְׂדֵה,ושדה
מִקְנָה,מקנה
יִנְחַל,ינחל
מַתָּנָה,מתנה
וּמִגְרְשֵׁיהֶם,ומגרשיהם
גּוֹאֲלִין,גואלין
שְׁלוֹשִׁים,שלושים
וְשֶׁבַע,ושבע
וְהָעוֹבְדִין,והעובדין
בִּיאַת,ביאת
וּמוּסָפִין,ומוספין
מְעִילָה,מעילה
בְּמַעֲלוֹת,במעלות
שְׁמִירַת,שמירת
וְהָעוֹבְדִים,והעובדים
כָּמוֹהוּ,כמוהו
כְּמַתְכֹּנֶת,כמתכונת
מִזְבַּח,מזבח
יָסוּרוּ,יסורו
הַבַּדִּים,הבדים
שֶׁיַּעֲבֹד,שיעבוד
בִּמְלֶאכֶת,במלאכת
הַמִּשְׁמָרוֹת,המשמרות
שֹׁווֹת,שוות
שִׁכּוֹר,שיכור
הַהֵיכָל,ההיכל
לְהַר,להר
יְשַׁמַּשׁ,ישמש
הָעוֹבֵד,העובד
וְלַמִּזְבֵּחַ,ולמזבח
וְעֶשֶׂר,ועשר
תְּמִימִין,תמימין
יִזְרֹק,יזרוק
יַקְטִיר,יקטיר
חֶלְבּוֹ,חלבו
יַקְרִיב,יקריב
יַטִּיל,יטיל
וְקֹדֶם,וקודם
מְחֻסַּר,מחוסר
מַקְרִיבִין,מקריבין
וּדְבַשׁ,ודבש
הַמֶּלַח,המלח
כְּמַעֲשֶׂיהָ,כמעשיה
הַכְּתוּבִים,הכתובים
סֵדֶר,סדר
הַפְּנִימִית,הפנימית
שֶׁיֹּאכְלוּ,שיאכלו
יֹאכְלוּם,יאכלום
כְּסֵדֶר,כסדר
מַעֲשֶׂיהָ,מעשיה
הַכְּתוּבִין,הכתובין
שֶׁיָּבִיא,שיביא
נְדָרָיו,נדריו
וְנִדְבוֹתָיו,ונדבותיו
בָּרֶגֶל,ברגל
יְאַחַר,יאחר
כְּבָשִׂים,כבשים
עוֹלוֹת,עולות
לְהַדְלִיק,להדליק
לְכַבּוֹתָהּ,לכבותה
שֶׁיַּקְרִיב,שיקריב
חֲבִתִּין,חביתין
הַפָּנִים,הפנים
מוּסַף,מוסף
הַתְּנוּפָה,התנופה
וְאִישׁ,ואיש
שָׁבוּעוֹת,שבועות
הַקְרָבַת,הקרבת
הַבָּאוֹת,הבאות
צוֹם,צום
שֶׁנִּפְסְלוּ,שנפסלו
וְשֶׁהֻטָּל,ושהוטל
יוֹתִיר,יותיר
זְמַנָּן,זמנן
הַנּוֹתָר,הנותר
שֶׁכָּתוּב,שכתוב
וְהַוִּדּוּיִין,והווידויין
וְשִׁלּוּחַ,ושילוח
הַשָּׂעִיר,השעיר
לְשַׁלַּם,לשלם
בְּתוֹסֶפֶת,בתוספת
וְקָרְבָּן,וקרבן
לָגֹז,לגוז
חֲגִיגָה,חגיגה
בְּכוֹרוֹת,בכורות
שְׁגָגוֹת,שגגות
מְחֻסְּרֵי,מחוסרי
כַּפָּרָה,כפרה
תְּמוּרָה,תמורה
וּשְׁתֵּים,ושתים
לִזְבֹּחַ,לזבוח
הֶחָמֵץ,החמץ
אֵמוּרָיו,אימוריו
וּמָרוֹר,ומרור
יוֹצִיא,יוציא
לַחֲבוּרָה,לחבורה
מְשֻׁמָּד,משומד
יַאֲכִיל,יאכיל
לְתוֹשָׁב,לתושב
יִשְׁבֹּר,ישבור
יַשְׁאִיר,ישאיר
לַבֹּקֶר,לבוקר
מִפֶּסַח,מפסח
בִּשְׁלוֹשָׁה,בשלושה
יַעֲזֹב,יעזוב
מִלְּשַׂמְּחוֹ,מלשמחו
מַתְּנוֹתָיו,מתנותיו
יִפָּדֶה,ייפדה
וְכָלַלְתִּי,וכללתי
שֶׁמַּעֲשֵׂה,שמעשה
שְׁנֵיהֶם,שניהם
וְהַכָּתוּב,והכתוב
"תִּזְרֹק""","תזרוק"""
וְדַם,ודם
קָבוּעַ,קבוע
שִׁגְגָתוֹ,שגגתו
נוֹדַע,נודע
שֶׁיִּוָּדַע,שייוודע
וְיָבִיא,ויביא
חַטָּאתוֹ,חטאתו
עֲבֵרוֹת,עבירות
יְדוּעוֹת,ידועות
עָשִׁיר,עשיר
עֲשִׂירִית,עשירית
הָאֵיפָה,האיפה
שֶׁיַּקְרִיבוּ,שיקריבו
וְהוֹרוּ,והורו
כַּהֲלָכָה,כהלכה
בְּאַחַת,באחת
הַחֲמוּרוֹת,החמורות
שֶׁתַּקְרִיב,שתקריב
כְּשֶׁתִּטְהַר,כשתטהר
כְּשֶׁיִּטְהַר,כשיטהר
מְצֹרָע,מצורע
קָרְבְּנוֹתֵיהֶן,קרבנותיהן
תִּגָּמֵר,תיגמר
טַהְרָתָן,טהרתן
שֶׁתִּהְיֶה,שתהיה
הֵמִיר,המיר
יְשַׁנֶּה,ישנה
מִקְּדֻשָּׁה,מקדושה
לִקְדֻשָּׁה,לקדושה
עֶשְׂרִים,עשרים
וּתְשַׁע,ותשע
טֻמְאַת,טומאת
מְטַמְּאֵי,מטמאי
מִשְׁכָּב,משכב
וּמוֹשָׁב,ומושב
אֲבוֹת,אבות
אֹכָלִין,אוכלין
מִקְווֹת,מקוות
וְטַהְרָתָן,וטהרתן
לְהוֹרוֹת,להורות
בְּצָרַעַת,בצרעת
כְּדִינָהּ,כדינה
יָקֹץ,יקוץ
שֶׁיְּהֶא,שיהא
מְפֻרְסָם,מפורסם
בִּקְרִיעַת,בקריעת
בְּגָדָיו,בגדיו
וּפְרִיעַת,ופריעת
וַעֲטִיָּה,ועטייה
טַהְרַת,טהרת
הַבֶּגֶד,הבגד
יוֹלֶדֶת,יולדת
זָב,זב
וַעֲבוֹדָה,ועבודה
כְּשֶׁרֶץ,כשרץ
וְטֻמְאָתָהּ,וטומאתה
מַשְׁקִין,משקין
וְאֹכָלִין,ואוכלין
וְהֶכְשֵׁרָן,והכשרן
עִנְיַן,עניין
שֶׁמְּקַבְּלִין,שמקבלין
וְכֵלִים,וכלים
שְׁאֵינָן,שאינן
וְכֵיצַד,וכיצד
הַכֵּלִים,הכלים
וּמְטַמְּאִין,ומטמאין
שֶׁיִּטְבֹּל,שיטבול
נִזְקֵי,נזקי
גְּנֵבָה,גניבה
גְּזֵלָה,גזילה
וַאֲבֵדָה,ואבידה
חוֹבֵל,חובל
וּמַזִּיק,ומזיק
הַשּׁוֹר,השור
הַהֶבְעֵר,ההבער
הַהַבְעָרָה,ההבערה
הַגַּנָּב,הגנב
הַמֹּאזְנַיִם,המאזניים
וּבַמִּשְׁקָלוֹת,ובמשקלות
לָאָדָם,לאדם
לוֹקֵחַ,לוקח
וְנוֹתֵן,ונותן
יַסִּיג,יסיג
בַּחֲבֵרוֹ,בחברו
מַזִּיק,מזיק
לִרְצֹחַ,לרצוח
לִמְחֻיַּב,למחוייב
גָּלוּת,גלות
כְּשֶׁיִּרְצַח,כשירצח
עֲמִידָה,עמידה
בְּנַפְשׁוֹ,בנפשו
וּלְכַוַּן,ולכוון
בַּנַּחַל,בנחל
בְּאוֹתָהּ,באותה
תִזָּרַע,תיזרע
לָשׂוּם,לשום
יַכְשִׁיל,יכשיל
לִפְרֹק,לפרוק
שֶׁנִּכְשַׁל,שנכשל
לִטְעֹן,לטעון
יַנִּיחֶנּוּ,יניחנו
נִבְהָל,נבהל
בְּמַשָּׂאוֹ,במשאו
וְיֵלֵךְ,וילך
זְכִיָּה,זכייה
וּמַתָּנָה,ומתנה
שְׁכֵנִים,שכנים
שְׁלוּחִין,שלוחין
וְשֻׁתָּפִין,ושותפין
בִּמְמוֹנוֹ,בממונו
יוֹנֵהוּ,יונהו
זוֹכֶה,זוכה
הַהֶפְקֵר,ההפקר
יִקְנֶה,יקנה
וּבְמַה,ובמה
וּמְקַבֵּל,ומקבל
וְאֵיזוֹ,ואיזו
חוֹזֶרֶת,חוזרת
אֵינָהּ,אינה
הַקַּרְקָעוֹת,הקרקעות
הַשֻּׁתָּפִין,השותפין
וְהַרְחָקַת,והרחקת
מִשְּׁכֵנוֹ,משכנו
וּמִבַּעַל,ומבעל
הַמְּצָר,המצר
שֶׁלּוֹ,שלו
שְׁלוּחוֹ,שלוחו
וְשֻׁתָּפוֹ,ושותפו
וּמִשְׁפְּטֵיהֶן,ומשפטיהן
בְּמֶקָּחָן,במקחן
וּמִמְכָּרָן,וממכרן
וּבְהֶפְסֵדָן,ובהפסדן
וּשְׂכָרָן,ושכרן
קִנְיַן,קניין
יַעֲבִידֶנּוּ,יעבידנו
נַנִּיחַ,נניח
לִרְדּוֹת,לרדות
נַעֲבֹד,נעבוד
בְּצֵאתוֹ,בצאתו
לְיַעֲדָהּ,לייעדה
הִפִּיל,הפיל
אֲדוֹנָיו,אדוניו
מֵרָאשֵׁי,מראשי
לְהַסְגִּיר,להסגיר
הַנִּצּוֹל,הניצול
אֵלֵינוּ,אלינו
שְׂכִירוּת,שכירות
שְׁאֵלָה,שאלה
וּפִקָּדוֹן,ופיקדון
מַלְוֶה,מלווה
וְלוֹוֶה,ולווה
וְנִטְעָן,ונטען
וְשׁוֹמֵר,ושומר
זְמַנּוֹ,זמנו
שֶׁיֹּאכַל,שיאכל
גְּמָר,גמר
יוֹלִיךְ,יוליך
שֶׁאָכַל,שאכל
יַחְסֹם,יחסום
בְּדִישׁוֹ,בדישו
לְעָנִי,לעני
וּמָךְ,ומך
יַחְבֹּל,יחבול
הַמַּלְוֶה,המלווה
יִלְוֶה,ילווה
הַלּוֹוֶה,הלווה
יִתְעַסַּק,יתעסק
יִכְתֹּב,יכתוב
יַעֲרֹב,יערוב
וּלְהַלְווֹתוֹ,ולהלוותו
וּמוֹדֶה,ומודה
כּוֹפֵר,כופר
סַנְהֶדְּרִין,סנהדרין
וְהָעֻנְשִׁין,והעונשין
הַמְּסוּרִין,המסורין
מַמְרִים,ממרים
אֵבֶל,אבל
מְלָכִים,מלכים
וּמִלְחָמוֹת,ומלחמות
דַּיָּן,דיין
יוֹדֵעַ,יודע
נֶחְלְקוּ,נחלקו
הַשּׁוֹפְטִים,השופטים
רַבּוּ,רבו
בְּאִישׁ,באיש
שְׁנַיִם,שניים
בִּסְקֵלָה,בסקילה
בִּשְׂרֵפָה,בשריפה
הֲרִיגָתוֹ,הריגתו
לָרָשָׁע,לרשע
בְּהַכָּיַת,בהכית
הַלּוֹקֶה,הלוקה
בְּאֻמְדַּן,באומדן
אָנוּס,אנוס
הוֹרֵג,הורג
הַדַּל,הדל
לְהַדַּר,להדר
לִשְׁפֹּט,לשפוט
בְּצֶדֶק,בצדק
מֵאִישׁ,מאיש
שָׁוְא,שוא
הַדַּיָּנִין,הדיינין
הַכְּשֵׁרִים,הכשרים
שֶׁיּוֹדֵעַ,שיודע
וְלַחְקֹר,ולחקור
זוֹמֵם,זומם
זָמַם,זמם
שֶׁיֹּאמְרוּ,שיאמרו
מִדִּבְרֵיהֶם,מדבריהם
בְּמִצְווֹת,במצוות
שֶׁלָּמַדְנוּ,שלמדנו
סוֹרֵר,סורר
וּמוֹרֶה,ומורה
מִטַּמֵּא,מיטמא
וּמִתְאַבֵּל,ומתאבל
מִתְאַבֵּל,מתאבל
הֲרוּגֵי,הרוגי
וּלְפִי,ולפי
כָּלַלְתִּי,כללתי
מֵעֵין,מעין
קְבוּרָה,קבורה
מִיתָה,מיתה
לַקְּרוֹבִים,לקרובים
יִמָּנֶה,יימנה
לְהַחְרִים,להחרים
נְשָׁמָה,נשמה
לִמְחוֹת,למחות
לִשְׁכֹּחַ,לשכוח
הָרָעִים,הרעים
וַאֲרִיבָתוֹ,ואריבתו
לִשְׁלֹחַ,לשלוח
לְיוֹשְׁבֵי,ליושבי
כְּשֶׁצָּרִים,כשצרים
וְלָדוּן,ולדון
תַּשְׁלִים,תשלים
תַשְׁלִים,תשלים
מֵעַמּוֹן,מעמון
בַּמָּצוֹר,במצור
שֶׁיֵּצְאוּ,שייצאו
לְהִפָּנוֹת,להיפנות
לַחְפֹּר,לחפור
לְדַבַּר,לדבר
בְּאָזְנֵי,באוזני
הַצָּבָא,הצבא
מְאָרֵס,מארס
וּבוֹנֶה,ובונה
בִּנְיָן,בניין
וְנוֹטֵעַ,ונוטע
כֶּרֶם,כרם
שְׂמֵחִין,שמחין
בְּקִנְיָנָם,בקניינם
תְּמִימָה,תמימה
וּמַחְזִירִין,ומחזירין
יֵצְאוּ,ייצאו
וְצָרְכֵּי,וצורכי
הַגְּדוּד,הגדוד
וְדוֹמֶה,ודומה
לַעֲרֹץ,לערוץ
וְלַחְזֹר,ולחזור
לְאָחוֹר,לאחור
יִכְבְּשֶׁנָּה,יכבשנה
לְעַבְדוּת,לעבדות
שֶׁנִּבְעֲלָה,שנבעלה
וְנִמְצְאוּ,ונמצאו
וּשְׁמוֹנִים,ושמונים
וְעַתָּה,ועתה
אַתְחִיל,אתחיל
הַנִּגְלָלִין,הנגללין
עִמָּהּ,עימה
מֵעִנְיָנָהּ,מעניינה
בְּעֶזְרַת,בעזרת
שַׁדָּי,שדיי
